Order_ID,Order_Date,Customer_ID,Region,City,Category,Product,Quantity,Unit_Price,Discount,Sales,Cost,Profit,Payment_Method
ORD00001,2025-11-24,CUST0250,East,Ranchi,Electronics,Earphones,4,1525.0,0.1,5490.0,3749.49,1740.51,COD
ORD00002,2025-02-27,CUST0223,South,Chennai,Footwear,Sneakers,3,1073.0,0.05,3058.05,2183.93,874.12,COD
ORD00003,2025-01-13,CUST0029,West,Mumbai,Accessories,Wallet,3,893.0,0.0,2679.0,1425.11,1253.89,Card
ORD00004,2025-05-21,CUST0350,West,Mumbai,Home,Storage Box,2,828.0,0.2,1324.8,830.83,493.97,UPI
ORD00005,2025-05-06,CUST0255,North,Lucknow,Beauty,Serum,4,431.0,0.2,1379.2,962.15,417.05,UPI
ORD00006,2025-04-25,CUST0239,East,Bhubaneswar,Beauty,Shampoo,3,431.0,0.0,1293.0,974.56,318.44,Card
ORD00007,2025-03-13,CUST0218,North,Jaipur,Accessories,Backpack,3,1027.0,0.2,2464.8,1473.41,991.39,Card
ORD00008,2025-02-22,CUST0293,South,Bengaluru,Electronics,Smartwatch,4,1593.0,0.0,6372.0,3706.42,2665.58,Card
ORD00009,2025-12-13,CUST0026,East,Kolkata,Footwear,Loafers,4,1007.0,0.1,3625.2,1892.74,1732.46,Wallet
ORD00010,2025-10-07,CUST0348,Central,Indore,Home,Lamp,2,713.0,0.05,1354.7,923.14,431.56,UPI
ORD00011,2025-02-14,CUST0068,North,Jaipur,Accessories,Wallet,4,733.0,0.0,2932.0,1966.46,965.54,COD
ORD00012,2025-10-30,CUST0188,West,Mumbai,Home,Storage Box,2,596.0,0.05,1132.4,820.42,311.98,Card
ORD00013,2025-08-05,CUST0039,West,Pune,Beauty,Lipstick,3,470.0,0.0,1410.0,904.89,505.11,UPI
ORD00014,2025-01-17,CUST0275,Central,Indore,Beauty,Shampoo,1,295.0,0.15,250.75,131.3,119.45,COD
ORD00015,2025-01-16,CUST0120,East,Ranchi,Electronics,Smartwatch,4,965.0,0.1,3474.0,1904.34,1569.66,Wallet
ORD00016,2025-02-17,CUST0155,Central,Bhopal,Fashion,Jeans,1,629.0,0.15,534.65,404.43,130.22,Wallet
ORD00017,2025-04-22,CUST0121,North,Delhi,Fashion,Kurta,3,572.0,0.15,1458.6,802.51,656.09,UPI
ORD00018,2025-04-30,CUST0080,East,Ranchi,Electronics,Speaker,4,1479.0,0.2,4732.8,3374.44,1358.36,Wallet
ORD00019,2025-09-16,CUST0190,West,Ahmedabad,Accessories,Wallet,4,669.0,0.1,2408.4,1272.85,1135.55,UPI
ORD00020,2025-11-05,CUST0331,South,Bengaluru,Electronics,Speaker,1,1044.0,0.1,939.6,621.6,318.0,Card
ORD00021,2025-01-14,CUST0109,East,Kolkata,Fashion,Dress,1,885.0,0.15,752.25,409.1,343.15,COD
ORD00022,2025-10-15,CUST0284,South,Hyderabad,Fashion,Jeans,2,672.0,0.0,1344.0,988.85,355.15,UPI
ORD00023,2025-04-12,CUST0075,South,Bengaluru,Footwear,Sandals,2,1113.0,0.2,1780.8,927.33,853.47,UPI
ORD00024,2025-11-29,CUST0122,South,Hyderabad,Footwear,Loafers,1,818.0,0.05,777.1,407.09,370.01,Card
ORD00025,2025-12-26,CUST0033,East,Kolkata,Fashion,Kurta,2,631.0,0.15,1072.7,704.53,368.17,Wallet
ORD00026,2025-10-07,CUST0315,Central,Nagpur,Electronics,Smartwatch,1,1428.0,0.15,1213.8,790.18,423.62,COD
ORD00027,2025-08-03,CUST0206,West,Ahmedabad,Accessories,Watch,1,634.0,0.0,634.0,494.29,139.71,Wallet
ORD00028,2025-04-23,CUST0165,West,Ahmedabad,Accessories,Wallet,4,854.0,0.0,3416.0,2575.01,840.99,UPI
ORD00029,2025-08-18,CUST0272,East,Ranchi,Fashion,Kurta,3,624.0,0.15,1591.2,1238.91,352.29,Card
ORD00030,2025-10-29,CUST0111,North,Lucknow,Electronics,Speaker,1,1326.0,0.2,1060.8,750.43,310.37,Wallet
ORD00031,2025-05-23,CUST0049,West,Pune,Electronics,Power Bank,4,1248.0,0.15,4243.2,2665.4,1577.8,Card
ORD00032,2025-01-04,CUST0044,East,Bhubaneswar,Electronics,Smartwatch,2,1867.0,0.15,3173.9,1705.83,1468.07,COD
ORD00033,2025-03-23,CUST0288,East,Kolkata,Electronics,Earphones,1,1397.0,0.2,1117.6,859.12,258.48,Card
ORD00034,2025-12-24,CUST0308,West,Pune,Accessories,Wallet,4,648.0,0.0,2592.0,2000.46,591.54,Card
ORD00035,2025-08-05,CUST0115,Central,Nagpur,Home,Bedsheet,2,746.0,0.05,1417.4,979.07,438.33,COD
ORD00036,2025-06-24,CUST0319,North,Jaipur,Home,Storage Box,2,507.0,0.15,861.9,637.58,224.32,COD
ORD00037,2025-05-23,CUST0180,North,Delhi,Footwear,Loafers,3,1141.0,0.1,3080.7,2340.1,740.6,COD
ORD00038,2025-03-21,CUST0325,Central,Nagpur,Beauty,Serum,4,291.0,0.0,1164.0,648.22,515.78,COD
ORD00039,2025-04-21,CUST0160,West,Pune,Fashion,Kurta,4,533.0,0.1,1918.8,1076.31,842.49,Card
ORD00040,2025-06-22,CUST0042,North,Delhi,Footwear,Sneakers,2,1139.0,0.2,1822.4,971.23,851.17,Card
ORD00041,2025-02-22,CUST0263,West,Ahmedabad,Electronics,Speaker,4,1586.0,0.15,5392.4,3187.03,2205.37,COD
ORD00042,2025-02-17,CUST0024,North,Jaipur,Home,Cushion,4,670.0,0.2,2144.0,1486.77,657.23,UPI
ORD00043,2025-07-14,CUST0131,North,Delhi,Electronics,Earphones,3,1371.0,0.05,3907.35,2811.38,1095.97,Card
ORD00044,2025-02-19,CUST0273,North,Jaipur,Home,Bedsheet,4,615.0,0.05,2337.0,1293.74,1043.26,UPI
ORD00045,2025-07-03,CUST0040,North,Jaipur,Footwear,Loafers,1,807.0,0.15,685.95,360.04,325.91,Card
ORD00046,2025-06-26,CUST0011,Central,Indore,Footwear,Sports Shoes,4,957.0,0.1,3445.2,1894.67,1550.53,Card
ORD00047,2025-11-06,CUST0302,East,Kolkata,Beauty,Shampoo,4,413.0,0.0,1652.0,963.55,688.45,Wallet
ORD00048,2025-05-16,CUST0087,West,Pune,Footwear,Sneakers,3,1309.0,0.05,3730.65,2263.0,1467.65,COD
ORD00049,2025-01-23,CUST0331,Central,Nagpur,Footwear,Sneakers,2,1168.0,0.1,2102.4,1285.17,817.23,UPI
ORD00050,2025-08-24,CUST0336,South,Bengaluru,Beauty,Face Wash,2,307.0,0.05,583.3,394.67,188.63,COD
ORD00051,2025-10-02,CUST0320,West,Ahmedabad,Beauty,Shampoo,4,476.0,0.2,1523.2,1046.71,476.49,Card
ORD00052,2025-03-05,CUST0156,South,Bengaluru,Accessories,Watch,1,745.0,0.15,633.25,402.1,231.15,Card
ORD00053,2025-07-13,CUST0020,East,Ranchi,Footwear,Sneakers,1,966.0,0.1,869.4,556.46,312.94,COD
ORD00054,2025-02-10,CUST0197,North,Lucknow,Home,Storage Box,1,722.0,0.2,577.6,389.57,188.03,Wallet
ORD00055,2025-10-10,CUST0257,West,Ahmedabad,Footwear,Sneakers,2,1304.0,0.1,2347.2,1589.76,757.44,UPI
ORD00056,2025-05-31,CUST0021,North,Jaipur,Fashion,Dress,1,817.0,0.2,653.6,449.67,203.93,UPI
ORD00057,2025-11-18,CUST0145,West,Ahmedabad,Accessories,Sunglasses,2,679.0,0.1,1222.2,754.03,468.17,Wallet
ORD00058,2025-11-13,CUST0286,Central,Bhopal,Electronics,Smartwatch,3,1322.0,0.0,3966.0,2402.28,1563.72,Wallet
ORD00059,2025-07-05,CUST0073,Central,Bhopal,Home,Storage Box,3,689.0,0.0,2067.0,1388.02,678.98,Card
ORD00060,2025-10-23,CUST0330,South,Chennai,Home,Cushion,1,764.0,0.1,687.6,457.47,230.13,Card
ORD00061,2025-04-09,CUST0093,West,Ahmedabad,Beauty,Face Wash,3,411.0,0.0,1233.0,757.4,475.6,UPI
ORD00062,2025-12-27,CUST0052,South,Hyderabad,Home,Cushion,2,628.0,0.05,1193.2,644.4,548.8,COD
ORD00063,2025-02-05,CUST0320,Central,Bhopal,Accessories,Watch,4,641.0,0.05,2435.8,1369.37,1066.43,UPI
ORD00064,2025-01-24,CUST0313,North,Jaipur,Accessories,Sunglasses,3,628.0,0.05,1789.8,1381.89,407.91,Card
ORD00065,2025-12-05,CUST0241,South,Chennai,Accessories,Sunglasses,2,917.0,0.1,1650.6,1272.7,377.9,UPI
ORD00066,2025-04-27,CUST0083,West,Pune,Home,Cushion,4,809.0,0.2,2588.8,1701.2,887.6,UPI
ORD00067,2025-05-29,CUST0053,East,Kolkata,Footwear,Sandals,4,1086.0,0.1,3909.6,2596.68,1312.92,COD
ORD00068,2025-02-10,CUST0224,South,Bengaluru,Home,Bedsheet,4,767.0,0.2,2454.4,1370.32,1084.08,COD
ORD00069,2025-04-30,CUST0192,East,Kolkata,Beauty,Shampoo,4,479.0,0.0,1916.0,1193.82,722.18,UPI
ORD00070,2025-02-21,CUST0333,East,Kolkata,Electronics,Earphones,1,1237.0,0.1,1113.3,848.35,264.95,Card
ORD00071,2025-07-14,CUST0241,North,Jaipur,Beauty,Serum,4,479.0,0.05,1820.2,1305.63,514.57,Wallet
ORD00072,2025-05-23,CUST0281,North,Delhi,Footwear,Sneakers,3,1405.0,0.05,4004.25,2951.49,1052.76,Wallet
ORD00073,2025-08-21,CUST0328,South,Bengaluru,Fashion,Jeans,1,695.0,0.0,695.0,404.49,290.51,Wallet
ORD00074,2025-11-22,CUST0074,West,Ahmedabad,Fashion,T-Shirt,1,897.0,0.2,717.6,480.44,237.16,Card
ORD00075,2025-07-06,CUST0341,Central,Indore,Electronics,Earphones,2,740.0,0.2,1184.0,743.92,440.08,COD
ORD00076,2025-03-25,CUST0023,North,Lucknow,Footwear,Loafers,1,1263.0,0.15,1073.55,802.01,271.54,Wallet
ORD00077,2025-07-09,CUST0337,North,Jaipur,Home,Storage Box,1,660.0,0.1,594.0,346.12,247.88,COD
ORD00078,2025-07-01,CUST0330,South,Hyderabad,Footwear,Loafers,3,1041.0,0.2,2498.4,1519.08,979.32,UPI
ORD00079,2025-04-18,CUST0235,West,Ahmedabad,Accessories,Sunglasses,2,813.0,0.05,1544.7,828.59,716.11,COD
ORD00080,2025-12-10,CUST0264,North,Delhi,Home,Lamp,1,417.0,0.1,375.3,286.23,89.07,Wallet
ORD00081,2025-05-17,CUST0025,East,Kolkata,Footwear,Sports Shoes,2,1057.0,0.1,1902.6,1165.94,736.66,Card
ORD00082,2025-12-26,CUST0198,East,Bhubaneswar,Home,Bedsheet,4,692.0,0.15,2352.8,1770.73,582.07,Card
ORD00083,2025-12-16,CUST0041,West,Pune,Beauty,Shampoo,3,570.0,0.0,1710.0,1212.46,497.54,Wallet
ORD00084,2025-11-28,CUST0339,Central,Indore,Footwear,Sandals,3,997.0,0.0,2991.0,1617.59,1373.41,Card
ORD00085,2025-02-06,CUST0180,Central,Nagpur,Home,Cushion,4,555.0,0.05,2109.0,1474.91,634.09,Wallet
ORD00086,2025-11-08,CUST0327,Central,Indore,Fashion,Jeans,3,637.0,0.0,1911.0,1031.0,880.0,Wallet
ORD00087,2025-11-22,CUST0121,North,Delhi,Home,Lamp,4,757.0,0.0,3028.0,1673.94,1354.06,Card
ORD00088,2025-03-29,CUST0191,Central,Bhopal,Home,Cushion,2,688.0,0.15,1169.6,896.73,272.87,Wallet
ORD00089,2025-10-01,CUST0128,Central,Indore,Fashion,Kurta,4,633.0,0.1,2278.8,1569.83,708.97,COD
ORD00090,2025-05-06,CUST0134,West,Ahmedabad,Fashion,Kurta,4,765.0,0.2,2448.0,1347.91,1100.09,Wallet
ORD00091,2025-03-25,CUST0232,West,Mumbai,Beauty,Lipstick,1,458.0,0.05,435.1,322.73,112.37,UPI
ORD00092,2025-08-25,CUST0282,North,Lucknow,Accessories,Sunglasses,3,939.0,0.1,2535.3,1786.07,749.23,Card
ORD00093,2025-07-14,CUST0072,South,Bengaluru,Home,Lamp,2,568.0,0.0,1136.0,881.69,254.31,UPI
ORD00094,2025-05-19,CUST0283,East,Ranchi,Electronics,Earphones,3,1317.0,0.15,3358.35,2448.08,910.27,UPI
ORD00095,2025-11-24,CUST0210,North,Jaipur,Footwear,Sneakers,4,1022.0,0.15,3474.8,2281.83,1192.97,COD
ORD00096,2025-12-19,CUST0283,North,Jaipur,Beauty,Lipstick,4,331.0,0.2,1059.2,645.66,413.54,UPI
ORD00097,2025-10-13,CUST0085,Central,Bhopal,Beauty,Shampoo,1,474.0,0.2,379.2,212.27,166.93,UPI
ORD00098,2025-04-23,CUST0326,East,Ranchi,Home,Lamp,3,681.0,0.0,2043.0,1195.48,847.52,Card
ORD00099,2025-12-17,CUST0304,Central,Nagpur,Beauty,Lipstick,1,450.0,0.2,360.0,247.2,112.8,UPI
ORD00100,2025-06-16,CUST0329,Central,Bhopal,Beauty,Lipstick,1,431.0,0.0,431.0,229.21,201.79,Card
ORD00101,2025-01-29,CUST0280,Central,Indore,Accessories,Backpack,1,596.0,0.15,506.6,380.53,126.07,Card
ORD00102,2025-04-28,CUST0031,West,Mumbai,Accessories,Watch,4,739.0,0.1,2660.4,1697.13,963.27,UPI
ORD00103,2025-01-17,CUST0161,West,Pune,Electronics,Speaker,2,1314.0,0.1,2365.2,1602.97,762.23,Card
ORD00104,2025-06-11,CUST0164,West,Mumbai,Accessories,Watch,3,684.0,0.2,1641.6,1093.35,548.25,UPI
ORD00105,2025-07-25,CUST0149,East,Bhubaneswar,Electronics,Earphones,2,1359.0,0.05,2582.1,1407.69,1174.41,Wallet
ORD00106,2025-05-18,CUST0098,South,Hyderabad,Footwear,Sports Shoes,3,1180.0,0.2,2832.0,2003.62,828.38,UPI
ORD00107,2025-02-03,CUST0202,West,Pune,Electronics,Speaker,4,1875.0,0.0,7500.0,4075.6,3424.4,Wallet
ORD00108,2025-04-19,CUST0306,Central,Indore,Beauty,Serum,1,464.0,0.0,464.0,275.22,188.78,Wallet
ORD00109,2025-10-18,CUST0207,North,Jaipur,Home,Bedsheet,2,680.0,0.1,1224.0,868.0,356.0,Card
ORD00110,2025-06-11,CUST0038,North,Lucknow,Fashion,Dress,2,691.0,0.1,1243.8,825.68,418.12,Wallet
ORD00111,2025-04-19,CUST0202,Central,Indore,Footwear,Sports Shoes,1,720.0,0.05,684.0,529.09,154.91,Card
ORD00112,2025-12-02,CUST0020,South,Hyderabad,Home,Storage Box,4,647.0,0.2,2070.4,1098.28,972.12,UPI
ORD00113,2025-09-13,CUST0264,West,Ahmedabad,Accessories,Watch,4,809.0,0.05,3074.2,2083.16,991.04,UPI
ORD00114,2025-07-22,CUST0261,South,Bengaluru,Home,Storage Box,3,938.0,0.2,2251.2,1367.51,883.69,Wallet
ORD00115,2025-11-26,CUST0214,West,Mumbai,Accessories,Watch,3,772.0,0.1,2084.4,1449.05,635.35,Card
ORD00116,2025-08-23,CUST0027,Central,Indore,Accessories,Wallet,3,843.0,0.2,2023.2,1355.92,667.28,Wallet
ORD00117,2025-03-15,CUST0057,South,Chennai,Beauty,Shampoo,2,447.0,0.0,894.0,597.97,296.03,UPI
ORD00118,2025-05-16,CUST0211,East,Bhubaneswar,Fashion,Dress,2,553.0,0.15,940.1,657.63,282.47,Wallet
ORD00119,2025-03-13,CUST0340,South,Chennai,Accessories,Wallet,2,965.0,0.2,1544.0,933.37,610.63,Wallet
ORD00120,2025-05-07,CUST0182,East,Kolkata,Footwear,Sports Shoes,4,1249.0,0.2,3996.8,2434.07,1562.73,Card
ORD00121,2025-10-15,CUST0153,South,Hyderabad,Footwear,Sports Shoes,3,1257.0,0.2,3016.8,1802.87,1213.93,Card
ORD00122,2025-10-03,CUST0141,West,Pune,Accessories,Backpack,4,669.0,0.1,2408.4,1603.34,805.06,Card
ORD00123,2025-05-15,CUST0041,West,Pune,Fashion,Dress,2,877.0,0.1,1578.6,838.14,740.46,Card
ORD00124,2025-10-27,CUST0288,West,Mumbai,Electronics,Smartwatch,2,1047.0,0.2,1675.2,989.2,686.0,Card
ORD00125,2025-08-08,CUST0272,Central,Nagpur,Beauty,Face Wash,2,498.0,0.05,946.2,504.51,441.69,UPI
ORD00126,2025-10-26,CUST0052,North,Delhi,Accessories,Backpack,4,1115.0,0.1,4014.0,2835.94,1178.06,UPI
ORD00127,2025-07-24,CUST0148,West,Ahmedabad,Fashion,Kurta,4,575.0,0.15,1955.0,1347.27,607.73,Card
ORD00128,2025-07-05,CUST0020,North,Lucknow,Home,Bedsheet,2,584.0,0.2,934.4,665.35,269.05,UPI
ORD00129,2025-04-23,CUST0149,North,Jaipur,Electronics,Power Bank,4,1425.0,0.05,5415.0,4134.45,1280.55,COD
ORD00130,2025-03-12,CUST0329,Central,Nagpur,Fashion,Jeans,1,637.0,0.1,573.3,340.53,232.77,Wallet
ORD00131,2025-09-18,CUST0235,East,Kolkata,Beauty,Shampoo,1,324.0,0.1,291.6,163.95,127.65,Card
ORD00132,2025-09-10,CUST0099,North,Lucknow,Accessories,Backpack,3,810.0,0.1,2187.0,1460.09,726.91,UPI
ORD00133,2025-02-16,CUST0049,West,Ahmedabad,Footwear,Sports Shoes,3,890.0,0.0,2670.0,1666.66,1003.34,UPI
ORD00134,2025-01-25,CUST0229,East,Kolkata,Beauty,Shampoo,1,488.0,0.1,439.2,272.19,167.01,Card
ORD00135,2025-02-26,CUST0121,Central,Nagpur,Home,Storage Box,1,542.0,0.1,487.8,336.56,151.24,COD
ORD00136,2025-03-20,CUST0160,West,Pune,Accessories,Wallet,2,1023.0,0.15,1739.1,1214.55,524.55,COD
ORD00137,2025-11-18,CUST0245,East,Ranchi,Accessories,Watch,2,687.0,0.05,1305.3,1003.66,301.64,UPI
ORD00138,2025-03-23,CUST0112,West,Ahmedabad,Electronics,Smartwatch,4,1319.0,0.2,4220.8,3074.93,1145.87,UPI
ORD00139,2025-12-15,CUST0058,Central,Indore,Accessories,Wallet,3,917.0,0.0,2751.0,2086.59,664.41,COD
ORD00140,2025-08-05,CUST0267,Central,Nagpur,Footwear,Sandals,2,856.0,0.05,1626.4,984.48,641.92,Wallet
ORD00141,2025-11-02,CUST0029,Central,Indore,Fashion,Kurta,1,729.0,0.2,583.2,370.81,212.39,Wallet
ORD00142,2025-02-02,CUST0158,West,Ahmedabad,Beauty,Shampoo,1,556.0,0.2,444.8,284.77,160.03,COD
ORD00143,2025-07-17,CUST0217,North,Lucknow,Electronics,Smartwatch,2,995.0,0.2,1592.0,858.07,733.93,Card
ORD00144,2025-07-15,CUST0210,Central,Bhopal,Accessories,Wallet,1,827.0,0.15,702.95,371.33,331.62,UPI
ORD00145,2025-11-02,CUST0350,East,Bhubaneswar,Beauty,Shampoo,4,471.0,0.15,1601.4,989.13,612.27,UPI
ORD00146,2025-08-28,CUST0115,North,Delhi,Accessories,Watch,4,913.0,0.2,2921.6,1615.97,1305.63,COD
ORD00147,2025-09-28,CUST0118,West,Ahmedabad,Fashion,Jeans,4,544.0,0.2,1740.8,1076.88,663.92,UPI
ORD00148,2025-05-09,CUST0339,South,Bengaluru,Electronics,Smartwatch,2,1067.0,0.0,2134.0,1127.56,1006.44,Wallet
ORD00149,2025-10-11,CUST0229,South,Hyderabad,Footwear,Sneakers,1,1203.0,0.0,1203.0,811.33,391.67,COD
ORD00150,2025-01-06,CUST0029,West,Pune,Beauty,Face Wash,2,474.0,0.2,758.4,437.21,321.19,UPI
ORD00151,2025-12-15,CUST0345,South,Chennai,Footwear,Loafers,3,1150.0,0.2,2760.0,1864.27,895.73,Card
ORD00152,2025-02-28,CUST0032,South,Chennai,Beauty,Lipstick,2,478.0,0.15,812.6,486.04,326.56,UPI
ORD00153,2025-12-16,CUST0344,Central,Indore,Accessories,Sunglasses,1,702.0,0.1,631.8,483.21,148.59,Wallet
ORD00154,2025-10-02,CUST0276,West,Pune,Footwear,Loafers,2,1146.0,0.1,2062.8,1274.56,788.24,Wallet
ORD00155,2025-05-17,CUST0288,East,Ranchi,Beauty,Serum,2,474.0,0.15,805.8,610.66,195.14,Wallet
ORD00156,2025-11-25,CUST0041,West,Mumbai,Electronics,Power Bank,3,1220.0,0.05,3477.0,2106.6,1370.4,Wallet
ORD00157,2025-06-24,CUST0345,Central,Nagpur,Home,Bedsheet,2,868.0,0.0,1736.0,1023.89,712.11,COD
ORD00158,2025-02-27,CUST0171,Central,Nagpur,Fashion,Kurta,2,760.0,0.15,1292.0,742.01,549.99,Card
ORD00159,2025-05-31,CUST0310,South,Chennai,Fashion,Kurta,1,550.0,0.15,467.5,354.25,113.25,UPI
ORD00160,2025-08-11,CUST0333,Central,Indore,Electronics,Power Bank,3,1565.0,0.15,3990.75,2558.97,1431.78,Card
ORD00161,2025-03-22,CUST0241,East,Ranchi,Home,Storage Box,4,536.0,0.15,1822.4,994.37,828.03,Card
ORD00162,2025-08-21,CUST0075,East,Bhubaneswar,Beauty,Lipstick,1,514.0,0.2,411.2,306.21,104.99,COD
ORD00163,2025-01-02,CUST0292,East,Kolkata,Home,Cushion,2,786.0,0.1,1414.8,820.31,594.49,UPI
ORD00164,2025-05-15,CUST0181,East,Bhubaneswar,Electronics,Smartwatch,4,1193.0,0.15,4056.2,2286.65,1769.55,UPI
ORD00165,2025-09-14,CUST0039,South,Chennai,Beauty,Shampoo,1,528.0,0.2,422.4,223.36,199.04,COD
ORD00166,2025-04-02,CUST0005,South,Chennai,Fashion,Dress,2,752.0,0.0,1504.0,1058.61,445.39,UPI
ORD00167,2025-09-17,CUST0273,East,Kolkata,Footwear,Sports Shoes,4,1263.0,0.15,4294.2,2250.55,2043.65,Wallet
ORD00168,2025-02-24,CUST0009,Central,Nagpur,Fashion,T-Shirt,3,939.0,0.2,2253.6,1744.61,508.99,Wallet
ORD00169,2025-11-17,CUST0270,North,Lucknow,Beauty,Face Wash,2,430.0,0.05,817.0,465.61,351.39,Card
ORD00170,2025-06-02,CUST0125,West,Mumbai,Home,Storage Box,3,562.0,0.15,1433.1,916.24,516.86,UPI
ORD00171,2025-11-24,CUST0244,North,Delhi,Home,Bedsheet,4,546.0,0.15,1856.4,1147.37,709.03,COD
ORD00172,2025-09-17,CUST0170,South,Hyderabad,Accessories,Wallet,4,683.0,0.15,2322.2,1596.92,725.28,COD
ORD00173,2025-11-08,CUST0039,South,Hyderabad,Footwear,Sneakers,4,1085.0,0.1,3906.0,2078.41,1827.59,Card
ORD00174,2025-04-12,CUST0204,South,Bengaluru,Footwear,Sneakers,1,1168.0,0.05,1109.6,746.35,363.25,COD
ORD00175,2025-03-20,CUST0072,Central,Bhopal,Home,Lamp,4,682.0,0.2,2182.4,1323.08,859.32,COD
ORD00176,2025-07-11,CUST0175,North,Delhi,Footwear,Loafers,4,1264.0,0.05,4803.2,3545.03,1258.17,Wallet
ORD00177,2025-03-24,CUST0193,East,Bhubaneswar,Home,Bedsheet,4,652.0,0.05,2477.6,1517.56,960.04,Wallet
ORD00178,2025-10-04,CUST0043,North,Lucknow,Beauty,Shampoo,3,568.0,0.05,1618.8,1141.91,476.89,Card
ORD00179,2025-09-29,CUST0047,South,Chennai,Beauty,Shampoo,4,429.0,0.1,1544.4,947.93,596.47,COD
ORD00180,2025-01-01,CUST0221,East,Bhubaneswar,Home,Cushion,1,968.0,0.05,919.6,499.06,420.54,Wallet
ORD00181,2025-11-03,CUST0306,North,Delhi,Footwear,Sports Shoes,1,1224.0,0.1,1101.6,731.57,370.03,Card
ORD00182,2025-06-15,CUST0287,East,Bhubaneswar,Electronics,Earphones,4,1184.0,0.0,4736.0,3355.26,1380.74,UPI
ORD00183,2025-09-08,CUST0253,West,Mumbai,Footwear,Sandals,2,888.0,0.1,1598.4,956.31,642.09,UPI
ORD00184,2025-01-10,CUST0040,West,Pune,Fashion,Kurta,4,761.0,0.1,2739.6,1769.51,970.09,Card
ORD00185,2025-02-27,CUST0156,West,Ahmedabad,Home,Lamp,2,624.0,0.15,1060.8,581.12,479.68,COD
ORD00186,2025-07-05,CUST0334,Central,Indore,Electronics,Smartwatch,3,1580.0,0.15,4029.0,2445.73,1583.27,UPI
ORD00187,2025-06-07,CUST0204,Central,Nagpur,Home,Storage Box,2,705.0,0.15,1198.5,721.12,477.38,Card
ORD00188,2025-05-03,CUST0202,Central,Bhopal,Home,Cushion,3,641.0,0.15,1634.55,969.09,665.46,Card
ORD00189,2025-01-30,CUST0237,Central,Nagpur,Fashion,Kurta,2,593.0,0.2,948.8,500.02,448.78,UPI
ORD00190,2025-05-04,CUST0124,North,Jaipur,Electronics,Smartwatch,4,1018.0,0.05,3868.4,2648.57,1219.83,Card
ORD00191,2025-10-18,CUST0246,West,Pune,Accessories,Backpack,1,736.0,0.15,625.6,486.46,139.14,Wallet
ORD00192,2025-02-10,CUST0044,Central,Bhopal,Footwear,Sports Shoes,3,1270.0,0.2,3048.0,2055.55,992.45,COD
ORD00193,2025-02-13,CUST0347,South,Chennai,Beauty,Lipstick,1,467.0,0.2,373.6,289.82,83.78,Wallet
ORD00194,2025-09-06,CUST0266,North,Delhi,Home,Cushion,1,504.0,0.1,453.6,262.05,191.55,UPI
ORD00195,2025-02-05,CUST0248,West,Pune,Electronics,Smartwatch,2,1444.0,0.1,2599.2,2025.82,573.38,COD
ORD00196,2025-09-30,CUST0234,North,Delhi,Home,Cushion,2,695.0,0.1,1251.0,751.97,499.03,UPI
ORD00197,2025-03-06,CUST0232,East,Bhubaneswar,Footwear,Sports Shoes,1,925.0,0.15,786.25,556.44,229.81,Card
ORD00198,2025-03-07,CUST0332,North,Lucknow,Fashion,Jeans,1,719.0,0.0,719.0,532.63,186.37,COD
ORD00199,2025-12-04,CUST0287,South,Chennai,Accessories,Backpack,2,808.0,0.2,1292.8,726.08,566.72,Wallet
ORD00200,2025-09-01,CUST0222,West,Ahmedabad,Electronics,Power Bank,2,1112.0,0.05,2112.8,1450.49,662.31,Wallet
ORD00201,2025-10-09,CUST0110,West,Ahmedabad,Fashion,Kurta,4,745.0,0.15,2533.0,1320.09,1212.91,UPI
ORD00202,2025-03-26,CUST0235,Central,Bhopal,Home,Bedsheet,2,716.0,0.1,1288.8,779.41,509.39,COD
ORD00203,2025-05-16,CUST0201,Central,Nagpur,Home,Cushion,3,777.0,0.2,1864.8,1158.13,706.67,COD
ORD00204,2025-09-28,CUST0303,West,Ahmedabad,Home,Storage Box,2,773.0,0.1,1391.4,1055.87,335.53,COD
ORD00205,2025-11-07,CUST0192,East,Kolkata,Accessories,Backpack,2,602.0,0.1,1083.6,596.42,487.18,UPI
ORD00206,2025-08-05,CUST0096,West,Ahmedabad,Footwear,Sports Shoes,2,914.0,0.2,1462.4,906.34,556.06,Wallet
ORD00207,2025-04-19,CUST0162,Central,Bhopal,Accessories,Backpack,4,874.0,0.1,3146.4,1750.9,1395.5,Wallet
ORD00208,2025-10-04,CUST0197,East,Kolkata,Footwear,Sneakers,4,1202.0,0.05,4567.6,2606.88,1960.72,Wallet
ORD00209,2025-12-20,CUST0290,West,Ahmedabad,Electronics,Speaker,4,1530.0,0.15,5202.0,2931.25,2270.75,COD
ORD00210,2025-04-13,CUST0235,North,Jaipur,Beauty,Lipstick,2,762.0,0.2,1219.2,725.49,493.71,Wallet
ORD00211,2025-06-09,CUST0188,Central,Bhopal,Footwear,Sneakers,3,1213.0,0.2,2911.2,2136.98,774.22,COD
ORD00212,2025-07-24,CUST0335,Central,Bhopal,Accessories,Sunglasses,4,964.0,0.0,3856.0,2742.99,1113.01,UPI
ORD00213,2025-12-10,CUST0061,West,Pune,Home,Bedsheet,3,762.0,0.0,2286.0,1449.69,836.31,UPI
ORD00214,2025-11-29,CUST0106,Central,Nagpur,Beauty,Lipstick,4,503.0,0.05,1911.4,1300.13,611.27,UPI
ORD00215,2025-07-11,CUST0150,Central,Indore,Fashion,Jeans,2,660.0,0.1,1188.0,920.15,267.85,Card
ORD00216,2025-08-13,CUST0211,Central,Nagpur,Footwear,Loafers,1,1250.0,0.05,1187.5,914.76,272.74,COD
ORD00217,2025-09-22,CUST0347,South,Hyderabad,Home,Lamp,2,560.0,0.1,1008.0,741.29,266.71,Wallet
ORD00218,2025-08-20,CUST0039,Central,Nagpur,Electronics,Power Bank,3,1340.0,0.15,3417.0,2110.15,1306.85,COD
ORD00219,2025-03-03,CUST0048,East,Bhubaneswar,Electronics,Smartwatch,4,1278.0,0.1,4600.8,3088.56,1512.24,Wallet
ORD00220,2025-05-07,CUST0109,North,Lucknow,Accessories,Watch,4,812.0,0.05,3085.6,2381.2,704.4,Wallet
ORD00221,2025-04-26,CUST0176,East,Bhubaneswar,Home,Storage Box,2,921.0,0.2,1473.6,1092.87,380.73,COD
ORD00222,2025-02-02,CUST0001,West,Mumbai,Fashion,T-Shirt,1,465.0,0.05,441.75,280.39,161.36,Wallet
ORD00223,2025-06-23,CUST0129,East,Kolkata,Beauty,Serum,3,506.0,0.0,1518.0,1047.71,470.29,COD
ORD00224,2025-01-11,CUST0047,North,Jaipur,Home,Lamp,3,461.0,0.05,1313.85,829.83,484.02,COD
ORD00225,2025-10-29,CUST0349,West,Mumbai,Fashion,Kurta,2,641.0,0.2,1025.6,593.63,431.97,Wallet
ORD00226,2025-10-11,CUST0118,East,Kolkata,Fashion,T-Shirt,4,837.0,0.05,3180.6,2048.95,1131.65,Wallet
ORD00227,2025-04-28,CUST0069,North,Jaipur,Fashion,T-Shirt,3,708.0,0.1,1911.6,1062.19,849.41,UPI
ORD00228,2025-10-29,CUST0110,Central,Nagpur,Fashion,T-Shirt,2,564.0,0.15,958.8,586.12,372.68,UPI
ORD00229,2025-04-23,CUST0302,South,Hyderabad,Electronics,Speaker,1,1220.0,0.05,1159.0,829.42,329.58,Wallet
ORD00230,2025-01-04,CUST0128,East,Kolkata,Home,Cushion,2,730.0,0.1,1314.0,903.51,410.49,Card
ORD00231,2025-02-06,CUST0028,East,Kolkata,Accessories,Wallet,2,695.0,0.15,1181.5,705.17,476.33,UPI
ORD00232,2025-12-29,CUST0007,North,Delhi,Electronics,Speaker,4,1455.0,0.2,4656.0,2507.08,2148.92,Card
ORD00233,2025-11-20,CUST0089,West,Ahmedabad,Home,Lamp,4,655.0,0.1,2358.0,1561.12,796.88,Wallet
ORD00234,2025-01-31,CUST0031,Central,Bhopal,Fashion,T-Shirt,1,618.0,0.1,556.2,320.42,235.78,Wallet
ORD00235,2025-04-28,CUST0275,Central,Indore,Footwear,Loafers,4,1525.0,0.15,5185.0,2807.32,2377.68,UPI
ORD00236,2025-02-04,CUST0201,East,Kolkata,Home,Bedsheet,2,724.0,0.05,1375.6,907.16,468.44,COD
ORD00237,2025-01-17,CUST0060,South,Hyderabad,Home,Cushion,2,413.0,0.0,826.0,628.09,197.91,Wallet
ORD00238,2025-06-19,CUST0071,East,Ranchi,Footwear,Sneakers,2,1137.0,0.0,2274.0,1189.97,1084.03,COD
ORD00239,2025-02-06,CUST0138,East,Ranchi,Beauty,Shampoo,3,396.0,0.05,1128.6,695.99,432.61,COD
ORD00240,2025-09-21,CUST0296,West,Pune,Fashion,Jeans,1,807.0,0.1,726.3,512.19,214.11,COD
ORD00241,2025-05-02,CUST0086,Central,Indore,Electronics,Speaker,1,1200.0,0.15,1020.0,758.3,261.7,Card
ORD00242,2025-05-23,CUST0002,North,Lucknow,Beauty,Lipstick,1,441.0,0.05,418.95,298.54,120.41,COD
ORD00243,2025-12-09,CUST0092,North,Jaipur,Fashion,Kurta,3,764.0,0.15,1948.2,1479.19,469.01,COD
ORD00244,2025-09-06,CUST0164,South,Bengaluru,Footwear,Sports Shoes,2,1271.0,0.15,2160.7,1638.07,522.63,Card
ORD00245,2025-04-20,CUST0265,North,Lucknow,Fashion,Jeans,1,549.0,0.05,521.55,301.47,220.08,COD
ORD00246,2025-10-04,CUST0234,West,Pune,Electronics,Earphones,3,1316.0,0.1,3553.2,1927.47,1625.73,COD
ORD00247,2025-03-09,CUST0189,East,Ranchi,Home,Lamp,3,594.0,0.2,1425.6,831.23,594.37,Wallet
ORD00248,2025-10-20,CUST0178,South,Hyderabad,Beauty,Serum,4,397.0,0.0,1588.0,921.96,666.04,COD
ORD00249,2025-10-23,CUST0122,West,Ahmedabad,Home,Bedsheet,3,857.0,0.0,2571.0,1474.08,1096.92,Wallet
ORD00250,2025-08-31,CUST0119,South,Chennai,Electronics,Earphones,3,1502.0,0.0,4506.0,2394.55,2111.45,Wallet
ORD00251,2025-05-05,CUST0069,West,Ahmedabad,Accessories,Watch,1,618.0,0.2,494.4,269.37,225.03,Wallet
ORD00252,2025-08-31,CUST0162,West,Ahmedabad,Fashion,T-Shirt,2,816.0,0.05,1550.4,923.78,626.62,Wallet
ORD00253,2025-07-28,CUST0104,East,Bhubaneswar,Accessories,Watch,3,1106.0,0.05,3152.1,1700.3,1451.8,UPI
ORD00254,2025-04-08,CUST0209,South,Hyderabad,Footwear,Sneakers,2,1304.0,0.15,2216.8,1421.36,795.44,COD
ORD00255,2025-02-18,CUST0062,South,Bengaluru,Footwear,Loafers,3,799.0,0.15,2037.45,1199.86,837.59,COD
ORD00256,2025-02-19,CUST0128,Central,Bhopal,Beauty,Lipstick,2,411.0,0.1,739.8,413.23,326.57,Card
ORD00257,2025-12-04,CUST0232,East,Bhubaneswar,Electronics,Earphones,2,1719.0,0.0,3438.0,2638.82,799.18,UPI
ORD00258,2025-08-09,CUST0114,North,Delhi,Fashion,Dress,1,611.0,0.0,611.0,327.52,283.48,UPI
ORD00259,2025-07-01,CUST0039,East,Ranchi,Beauty,Shampoo,1,486.0,0.2,388.8,261.43,127.37,COD
ORD00260,2025-08-05,CUST0237,West,Mumbai,Fashion,Kurta,1,798.0,0.1,718.2,396.34,321.86,COD
ORD00261,2025-07-30,CUST0089,West,Pune,Beauty,Shampoo,1,375.0,0.15,318.75,222.37,96.38,Card
ORD00262,2025-08-28,CUST0318,East,Bhubaneswar,Beauty,Serum,4,445.0,0.05,1691.0,894.55,796.45,UPI
ORD00263,2025-01-28,CUST0197,West,Pune,Accessories,Watch,4,333.0,0.0,1332.0,723.02,608.98,UPI
ORD00264,2025-12-11,CUST0184,Central,Bhopal,Electronics,Power Bank,1,1142.0,0.15,970.7,702.11,268.59,Wallet
ORD00265,2025-12-01,CUST0014,East,Ranchi,Footwear,Sports Shoes,3,1050.0,0.15,2677.5,1580.56,1096.94,Card
ORD00266,2025-11-27,CUST0300,North,Jaipur,Footwear,Sandals,1,853.0,0.15,725.05,476.83,248.22,UPI
ORD00267,2025-02-20,CUST0029,South,Chennai,Beauty,Face Wash,2,582.0,0.1,1047.6,690.12,357.48,UPI
ORD00268,2025-02-01,CUST0184,East,Kolkata,Footwear,Sports Shoes,2,817.0,0.05,1552.3,1046.34,505.96,COD
ORD00269,2025-07-26,CUST0253,Central,Nagpur,Accessories,Watch,2,737.0,0.2,1179.2,903.95,275.25,Card
ORD00270,2025-06-23,CUST0011,North,Delhi,Beauty,Shampoo,1,461.0,0.05,437.95,296.24,141.71,Wallet
ORD00271,2025-02-25,CUST0166,Central,Bhopal,Fashion,Jeans,2,882.0,0.1,1587.6,1121.49,466.11,COD
ORD00272,2025-05-08,CUST0187,Central,Nagpur,Fashion,Kurta,2,519.0,0.0,1038.0,768.21,269.79,COD
ORD00273,2025-04-09,CUST0081,Central,Bhopal,Home,Cushion,3,786.0,0.1,2122.2,1281.55,840.65,Wallet
ORD00274,2025-04-08,CUST0090,East,Kolkata,Accessories,Sunglasses,3,801.0,0.05,2282.85,1582.1,700.75,Wallet
ORD00275,2025-10-02,CUST0291,South,Hyderabad,Home,Storage Box,1,535.0,0.2,428.0,266.14,161.86,COD
ORD00276,2025-08-18,CUST0040,Central,Bhopal,Beauty,Lipstick,1,487.0,0.15,413.95,230.39,183.56,UPI
ORD00277,2025-03-13,CUST0136,South,Chennai,Home,Storage Box,1,673.0,0.1,605.7,385.3,220.4,UPI
ORD00278,2025-08-05,CUST0225,East,Bhubaneswar,Beauty,Face Wash,1,401.0,0.0,401.0,213.54,187.46,Wallet
ORD00279,2025-04-04,CUST0246,West,Pune,Beauty,Shampoo,3,456.0,0.2,1094.4,675.89,418.51,UPI
ORD00280,2025-05-23,CUST0054,North,Delhi,Beauty,Shampoo,3,419.0,0.0,1257.0,757.8,499.2,COD
ORD00281,2025-08-25,CUST0048,West,Mumbai,Home,Lamp,1,663.0,0.2,530.4,405.69,124.71,Card
ORD00282,2025-05-08,CUST0081,North,Jaipur,Footwear,Sports Shoes,2,1231.0,0.2,1969.6,1479.83,489.77,COD
ORD00283,2025-02-08,CUST0277,South,Hyderabad,Fashion,Jeans,4,900.0,0.2,2880.0,2038.26,841.74,Card
ORD00284,2025-08-15,CUST0282,East,Kolkata,Accessories,Watch,1,622.0,0.0,622.0,386.98,235.02,Wallet
ORD00285,2025-10-09,CUST0339,East,Kolkata,Beauty,Face Wash,4,623.0,0.0,2492.0,1486.68,1005.32,Wallet
ORD00286,2025-02-20,CUST0243,North,Delhi,Beauty,Face Wash,2,292.0,0.1,525.6,406.83,118.77,COD
ORD00287,2025-01-26,CUST0199,West,Pune,Home,Cushion,3,632.0,0.0,1896.0,1302.33,593.67,UPI
ORD00288,2025-11-30,CUST0239,East,Kolkata,Home,Cushion,4,719.0,0.0,2876.0,1692.4,1183.6,Card
ORD00289,2025-10-04,CUST0177,Central,Bhopal,Beauty,Lipstick,2,473.0,0.0,946.0,513.0,433.0,Wallet
ORD00290,2025-01-08,CUST0275,Central,Bhopal,Footwear,Sandals,4,977.0,0.2,3126.4,1966.02,1160.38,Wallet
ORD00291,2025-02-17,CUST0018,West,Pune,Footwear,Sandals,1,1059.0,0.15,900.15,679.36,220.79,UPI
ORD00292,2025-05-02,CUST0217,South,Hyderabad,Fashion,Dress,2,638.0,0.05,1212.2,670.11,542.09,COD
ORD00293,2025-03-27,CUST0035,South,Chennai,Accessories,Sunglasses,2,715.0,0.2,1144.0,671.59,472.41,COD
ORD00294,2025-07-28,CUST0007,Central,Indore,Electronics,Speaker,3,1614.0,0.2,3873.6,2475.7,1397.9,Wallet
ORD00295,2025-09-06,CUST0052,South,Hyderabad,Fashion,Dress,1,745.0,0.0,745.0,496.39,248.61,Card
ORD00296,2025-09-04,CUST0243,West,Pune,Footwear,Loafers,4,963.0,0.15,3274.2,2189.54,1084.66,COD
ORD00297,2025-04-20,CUST0170,West,Mumbai,Beauty,Lipstick,4,523.0,0.0,2092.0,1303.12,788.88,UPI
ORD00298,2025-07-25,CUST0156,East,Bhubaneswar,Fashion,Dress,1,739.0,0.1,665.1,487.2,177.9,Card
ORD00299,2025-01-31,CUST0227,North,Delhi,Home,Cushion,2,745.0,0.1,1341.0,1036.99,304.01,Card
ORD00300,2025-03-26,CUST0209,Central,Nagpur,Home,Cushion,1,724.0,0.05,687.8,436.65,251.15,Wallet
ORD00301,2025-07-14,CUST0260,North,Lucknow,Footwear,Loafers,2,936.0,0.0,1872.0,1124.87,747.13,Wallet
ORD00302,2025-01-02,CUST0234,South,Hyderabad,Beauty,Face Wash,2,405.0,0.0,810.0,473.74,336.26,COD
ORD00303,2025-07-19,CUST0064,East,Bhubaneswar,Home,Lamp,4,737.0,0.2,2358.4,1469.77,888.63,COD
ORD00304,2025-05-16,CUST0243,West,Ahmedabad,Beauty,Lipstick,4,499.0,0.05,1896.2,1459.57,436.63,Card
ORD00305,2025-08-21,CUST0026,East,Ranchi,Home,Lamp,1,648.0,0.1,583.2,307.43,275.77,UPI
ORD00306,2025-05-27,CUST0210,South,Chennai,Footwear,Sandals,2,1123.0,0.05,2133.7,1258.8,874.9,COD
ORD00307,2025-08-05,CUST0115,West,Mumbai,Accessories,Wallet,2,984.0,0.2,1574.4,1146.52,427.88,Card
ORD00308,2025-12-23,CUST0112,East,Bhubaneswar,Footwear,Loafers,4,983.0,0.1,3538.8,2262.49,1276.31,Wallet
ORD00309,2025-10-12,CUST0192,Central,Bhopal,Home,Cushion,1,714.0,0.2,571.2,445.45,125.75,Card
ORD00310,2025-12-05,CUST0142,West,Mumbai,Home,Bedsheet,3,626.0,0.1,1690.2,1160.41,529.79,Card
ORD00311,2025-09-07,CUST0308,South,Hyderabad,Accessories,Watch,2,769.0,0.0,1538.0,1121.84,416.16,Wallet
ORD00312,2025-03-21,CUST0133,South,Chennai,Accessories,Watch,1,958.0,0.15,814.3,634.62,179.68,Wallet
ORD00313,2025-04-08,CUST0114,North,Lucknow,Electronics,Speaker,2,1608.0,0.1,2894.4,2051.85,842.55,Wallet
ORD00314,2025-06-01,CUST0050,Central,Indore,Accessories,Watch,2,917.0,0.2,1467.2,832.04,635.16,Wallet
ORD00315,2025-04-22,CUST0115,Central,Bhopal,Beauty,Lipstick,3,556.0,0.0,1668.0,963.75,704.25,Card
ORD00316,2025-01-30,CUST0241,East,Bhubaneswar,Electronics,Smartwatch,3,1405.0,0.15,3582.75,2655.95,926.8,COD
ORD00317,2025-10-24,CUST0212,West,Mumbai,Accessories,Wallet,1,898.0,0.15,763.3,502.07,261.23,COD
ORD00318,2025-10-05,CUST0235,South,Bengaluru,Beauty,Serum,4,425.0,0.2,1360.0,1022.91,337.09,UPI
ORD00319,2025-02-01,CUST0030,North,Jaipur,Home,Lamp,3,688.0,0.05,1960.8,1179.4,781.4,COD
ORD00320,2025-06-10,CUST0046,South,Hyderabad,Electronics,Smartwatch,2,1367.0,0.15,2323.9,1682.86,641.04,UPI
ORD00321,2025-01-30,CUST0020,West,Pune,Footwear,Sports Shoes,4,1119.0,0.15,3804.6,2357.57,1447.03,UPI
ORD00322,2025-01-26,CUST0321,North,Jaipur,Accessories,Watch,2,886.0,0.0,1772.0,1233.23,538.77,UPI
ORD00323,2025-10-27,CUST0157,East,Kolkata,Beauty,Lipstick,1,384.0,0.15,326.4,212.44,113.96,UPI
ORD00324,2025-09-02,CUST0173,East,Bhubaneswar,Fashion,T-Shirt,4,964.0,0.2,3084.8,2082.41,1002.39,Wallet
ORD00325,2025-09-15,CUST0207,East,Bhubaneswar,Accessories,Backpack,3,655.0,0.05,1866.75,1050.74,816.01,COD
ORD00326,2025-09-29,CUST0064,South,Hyderabad,Beauty,Serum,1,352.0,0.2,281.6,183.38,98.22,Card
ORD00327,2025-03-22,CUST0305,West,Ahmedabad,Accessories,Wallet,3,967.0,0.2,2320.8,1582.82,737.98,COD
ORD00328,2025-01-30,CUST0064,North,Delhi,Accessories,Wallet,1,914.0,0.15,776.9,493.74,283.16,Card
ORD00329,2025-09-18,CUST0052,South,Chennai,Electronics,Power Bank,1,1557.0,0.1,1401.3,882.02,519.28,Card
ORD00330,2025-02-11,CUST0055,West,Mumbai,Footwear,Sandals,1,1224.0,0.1,1101.6,605.49,496.11,Wallet
ORD00331,2025-04-06,CUST0152,East,Ranchi,Beauty,Serum,2,449.0,0.1,808.2,568.08,240.12,UPI
ORD00332,2025-02-05,CUST0007,South,Chennai,Fashion,Dress,4,587.0,0.1,2113.2,1227.71,885.49,COD
ORD00333,2025-11-01,CUST0330,South,Hyderabad,Fashion,Dress,1,710.0,0.0,710.0,536.22,173.78,UPI
ORD00334,2025-02-04,CUST0021,East,Bhubaneswar,Electronics,Smartwatch,1,1229.0,0.0,1229.0,898.92,330.08,Card
ORD00335,2025-12-12,CUST0024,West,Ahmedabad,Home,Storage Box,1,764.0,0.0,764.0,566.37,197.63,COD
ORD00336,2025-05-01,CUST0048,East,Bhubaneswar,Beauty,Serum,4,438.0,0.2,1401.6,826.61,574.99,Card
ORD00337,2025-07-26,CUST0198,North,Jaipur,Home,Lamp,4,553.0,0.15,1880.2,1110.59,769.61,Wallet
ORD00338,2025-03-03,CUST0303,North,Delhi,Electronics,Power Bank,1,1319.0,0.05,1253.05,685.38,567.67,Wallet
ORD00339,2025-10-19,CUST0067,South,Chennai,Footwear,Sports Shoes,4,1182.0,0.1,4255.2,2889.08,1366.12,Wallet
ORD00340,2025-05-07,CUST0161,West,Pune,Electronics,Earphones,1,1258.0,0.0,1258.0,739.73,518.27,COD
ORD00341,2025-10-24,CUST0128,East,Ranchi,Accessories,Backpack,1,682.0,0.15,579.7,401.18,178.52,Wallet
ORD00342,2025-11-01,CUST0081,South,Chennai,Home,Cushion,1,679.0,0.0,679.0,466.67,212.33,Wallet
ORD00343,2025-01-21,CUST0143,North,Jaipur,Electronics,Power Bank,3,1462.0,0.05,4166.7,2525.16,1641.54,COD
ORD00344,2025-11-14,CUST0041,Central,Nagpur,Footwear,Sandals,4,1000.0,0.15,3400.0,2490.32,909.68,Wallet
ORD00345,2025-02-11,CUST0255,North,Jaipur,Electronics,Speaker,4,1281.0,0.1,4611.6,2540.36,2071.24,COD
ORD00346,2025-08-03,CUST0317,West,Mumbai,Fashion,Dress,1,729.0,0.0,729.0,529.15,199.85,Card
ORD00347,2025-12-03,CUST0233,West,Pune,Footwear,Sandals,3,813.0,0.0,2439.0,1786.11,652.89,Card
ORD00348,2025-10-26,CUST0338,East,Ranchi,Footwear,Sports Shoes,4,821.0,0.0,3284.0,1790.88,1493.12,UPI
ORD00349,2025-10-17,CUST0055,East,Ranchi,Fashion,Jeans,3,609.0,0.2,1461.6,958.39,503.21,COD
ORD00350,2025-09-25,CUST0101,South,Chennai,Beauty,Shampoo,4,433.0,0.0,1732.0,1015.15,716.85,UPI
ORD00351,2025-06-11,CUST0213,South,Bengaluru,Fashion,Dress,2,739.0,0.1,1330.2,728.97,601.23,COD
ORD00352,2025-05-14,CUST0025,West,Pune,Accessories,Wallet,2,1012.0,0.15,1720.4,896.55,823.85,Wallet
ORD00353,2025-04-15,CUST0337,Central,Bhopal,Footwear,Sports Shoes,2,1270.0,0.05,2413.0,1319.73,1093.27,Card
ORD00354,2025-12-09,CUST0176,West,Ahmedabad,Footwear,Sports Shoes,2,1068.0,0.1,1922.4,1198.51,723.89,Card
ORD00355,2025-06-10,CUST0284,South,Bengaluru,Electronics,Power Bank,3,1395.0,0.2,3348.0,2490.19,857.81,UPI
ORD00356,2025-05-03,CUST0068,Central,Nagpur,Beauty,Serum,3,369.0,0.1,996.3,756.7,239.6,UPI
ORD00357,2025-05-16,CUST0342,North,Jaipur,Footwear,Loafers,4,1096.0,0.2,3507.2,2344.09,1163.11,Wallet
ORD00358,2025-07-22,CUST0028,West,Mumbai,Accessories,Watch,1,758.0,0.0,758.0,469.22,288.78,COD
ORD00359,2025-03-09,CUST0152,South,Bengaluru,Beauty,Lipstick,3,476.0,0.05,1356.6,1001.5,355.1,UPI
ORD00360,2025-12-10,CUST0288,East,Bhubaneswar,Footwear,Sneakers,1,936.0,0.2,748.8,558.37,190.43,UPI
ORD00361,2025-11-27,CUST0199,South,Chennai,Accessories,Sunglasses,3,875.0,0.0,2625.0,1997.33,627.67,Wallet
ORD00362,2025-06-03,CUST0227,Central,Bhopal,Accessories,Watch,1,1021.0,0.1,918.9,526.35,392.55,UPI
ORD00363,2025-08-23,CUST0091,Central,Nagpur,Accessories,Watch,2,784.0,0.05,1489.6,888.53,601.07,COD
ORD00364,2025-06-11,CUST0285,Central,Bhopal,Beauty,Serum,4,483.0,0.0,1932.0,1219.89,712.11,Card
ORD00365,2025-02-07,CUST0080,Central,Indore,Beauty,Serum,1,506.0,0.1,455.4,292.02,163.38,COD
ORD00366,2025-01-05,CUST0282,Central,Bhopal,Beauty,Lipstick,3,418.0,0.15,1065.9,773.18,292.72,Card
ORD00367,2025-08-23,CUST0259,Central,Bhopal,Fashion,Jeans,2,728.0,0.2,1164.8,626.34,538.46,UPI
ORD00368,2025-11-15,CUST0170,North,Jaipur,Electronics,Speaker,2,1403.0,0.05,2665.7,1845.91,819.79,Card
ORD00369,2025-10-16,CUST0333,Central,Nagpur,Home,Lamp,4,661.0,0.2,2115.2,1552.89,562.31,COD
ORD00370,2025-02-21,CUST0165,West,Mumbai,Fashion,Jeans,2,603.0,0.0,1206.0,841.14,364.86,Wallet
ORD00371,2025-02-07,CUST0192,East,Ranchi,Fashion,Dress,3,703.0,0.0,2109.0,1596.4,512.6,Wallet
ORD00372,2025-10-03,CUST0050,East,Ranchi,Electronics,Earphones,2,1525.0,0.1,2745.0,1794.17,950.83,UPI
ORD00373,2025-04-20,CUST0106,North,Delhi,Footwear,Sneakers,2,1387.0,0.15,2357.9,1738.42,619.48,Wallet
ORD00374,2025-09-17,CUST0038,South,Hyderabad,Accessories,Wallet,4,938.0,0.1,3376.8,1789.2,1587.6,COD
ORD00375,2025-05-16,CUST0231,Central,Bhopal,Beauty,Lipstick,2,624.0,0.1,1123.2,703.11,420.09,Wallet
ORD00376,2025-03-09,CUST0317,North,Jaipur,Electronics,Smartwatch,1,1207.0,0.2,965.6,503.59,462.01,COD
ORD00377,2025-06-28,CUST0155,North,Jaipur,Accessories,Wallet,1,926.0,0.1,833.4,603.87,229.53,COD
ORD00378,2025-02-05,CUST0113,West,Pune,Home,Cushion,1,671.0,0.15,570.35,319.76,250.59,UPI
ORD00379,2025-05-06,CUST0332,Central,Indore,Accessories,Sunglasses,2,1115.0,0.1,2007.0,1397.06,609.94,Card
ORD00380,2025-07-09,CUST0276,North,Delhi,Fashion,Kurta,1,598.0,0.2,478.4,322.98,155.42,COD
ORD00381,2025-05-26,CUST0095,East,Kolkata,Home,Lamp,4,552.0,0.2,1766.4,983.95,782.45,UPI
ORD00382,2025-03-22,CUST0282,South,Hyderabad,Footwear,Loafers,2,981.0,0.2,1569.6,1163.99,405.61,Wallet
ORD00383,2025-08-13,CUST0298,East,Ranchi,Accessories,Wallet,1,494.0,0.1,444.6,242.54,202.06,Wallet
ORD00384,2025-10-06,CUST0036,South,Chennai,Home,Storage Box,2,588.0,0.0,1176.0,698.7,477.3,UPI
ORD00385,2025-12-27,CUST0291,West,Pune,Home,Cushion,3,561.0,0.2,1346.4,753.48,592.92,Card
ORD00386,2025-06-04,CUST0329,South,Hyderabad,Home,Cushion,3,668.0,0.05,1903.8,1378.87,524.93,Wallet
ORD00387,2025-11-10,CUST0184,South,Chennai,Home,Storage Box,3,690.0,0.15,1759.5,1126.68,632.82,Card
ORD00388,2025-12-01,CUST0072,South,Chennai,Electronics,Earphones,1,1873.0,0.1,1685.7,1252.92,432.78,UPI
ORD00389,2025-09-28,CUST0303,North,Delhi,Home,Bedsheet,1,761.0,0.2,608.8,408.21,200.59,UPI
ORD00390,2025-01-05,CUST0115,Central,Nagpur,Fashion,Jeans,4,627.0,0.05,2382.6,1465.57,917.03,Card
ORD00391,2025-12-08,CUST0006,Central,Nagpur,Beauty,Shampoo,1,377.0,0.15,320.45,196.95,123.5,UPI
ORD00392,2025-10-11,CUST0290,Central,Bhopal,Footwear,Sandals,4,1197.0,0.05,4548.6,2577.14,1971.46,UPI
ORD00393,2025-06-03,CUST0136,East,Kolkata,Accessories,Sunglasses,2,610.0,0.15,1037.0,601.72,435.28,Card
ORD00394,2025-12-06,CUST0233,South,Chennai,Beauty,Face Wash,3,598.0,0.15,1524.9,979.16,545.74,COD
ORD00395,2025-02-23,CUST0292,North,Lucknow,Fashion,Jeans,3,849.0,0.1,2292.3,1536.86,755.44,UPI
ORD00396,2025-03-10,CUST0115,East,Ranchi,Electronics,Speaker,1,1282.0,0.2,1025.6,600.4,425.2,Wallet
ORD00397,2025-05-16,CUST0226,West,Pune,Home,Storage Box,1,450.0,0.2,360.0,269.76,90.24,UPI
ORD00398,2025-03-01,CUST0081,Central,Nagpur,Beauty,Face Wash,3,560.0,0.05,1596.0,892.26,703.74,Card
ORD00399,2025-02-24,CUST0246,South,Bengaluru,Footwear,Sneakers,3,1077.0,0.0,3231.0,2084.62,1146.38,Wallet
ORD00400,2025-10-11,CUST0304,West,Mumbai,Beauty,Serum,2,550.0,0.0,1100.0,608.58,491.42,UPI
ORD00401,2025-03-21,CUST0093,Central,Bhopal,Beauty,Face Wash,1,321.0,0.05,304.95,179.05,125.9,Wallet
ORD00402,2025-05-20,CUST0242,East,Kolkata,Footwear,Sneakers,2,981.0,0.15,1667.7,1130.19,537.51,Wallet
ORD00403,2025-05-25,CUST0094,West,Ahmedabad,Beauty,Serum,2,450.0,0.2,720.0,527.99,192.01,Card
ORD00404,2025-11-06,CUST0068,West,Ahmedabad,Beauty,Lipstick,1,454.0,0.05,431.3,266.69,164.61,COD
ORD00405,2025-04-18,CUST0091,Central,Nagpur,Fashion,Kurta,4,643.0,0.05,2443.4,1655.24,788.16,Wallet
ORD00406,2025-06-25,CUST0067,Central,Nagpur,Footwear,Sneakers,1,1223.0,0.0,1223.0,789.3,433.7,COD
ORD00407,2025-04-15,CUST0220,Central,Indore,Accessories,Sunglasses,3,646.0,0.0,1938.0,1359.29,578.71,UPI
ORD00408,2025-12-18,CUST0245,East,Ranchi,Electronics,Speaker,1,1364.0,0.15,1159.4,643.25,516.15,UPI
ORD00409,2025-11-21,CUST0004,Central,Nagpur,Fashion,Jeans,4,715.0,0.1,2574.0,1464.98,1109.02,COD
ORD00410,2025-05-16,CUST0055,West,Ahmedabad,Footwear,Sneakers,2,1202.0,0.1,2163.6,1355.06,808.54,UPI
ORD00411,2025-09-16,CUST0142,East,Ranchi,Electronics,Smartwatch,4,1579.0,0.2,5052.8,3107.81,1944.99,Wallet
ORD00412,2025-09-08,CUST0285,Central,Nagpur,Beauty,Shampoo,4,359.0,0.05,1364.2,840.7,523.5,Wallet
ORD00413,2025-05-09,CUST0338,Central,Indore,Home,Storage Box,4,471.0,0.05,1789.8,1328.57,461.23,COD
ORD00414,2025-01-27,CUST0206,West,Ahmedabad,Accessories,Backpack,2,984.0,0.0,1968.0,1133.09,834.91,Card
ORD00415,2025-02-17,CUST0242,South,Bengaluru,Footwear,Sneakers,1,1166.0,0.0,1166.0,855.9,310.1,Wallet
ORD00416,2025-11-21,CUST0197,East,Kolkata,Fashion,T-Shirt,3,606.0,0.0,1818.0,1233.24,584.76,Wallet
ORD00417,2025-08-05,CUST0104,Central,Bhopal,Footwear,Loafers,2,1407.0,0.15,2391.9,1516.78,875.12,Card
ORD00418,2025-05-22,CUST0019,Central,Nagpur,Beauty,Face Wash,2,459.0,0.2,734.4,414.25,320.15,Card
ORD00419,2025-01-23,CUST0203,South,Hyderabad,Beauty,Face Wash,3,546.0,0.15,1392.3,851.83,540.47,Wallet
ORD00420,2025-01-02,CUST0287,Central,Bhopal,Footwear,Sandals,1,1113.0,0.0,1113.0,737.8,375.2,Card
ORD00421,2025-06-20,CUST0295,South,Chennai,Home,Storage Box,2,891.0,0.15,1514.7,1153.79,360.91,COD
ORD00422,2025-03-08,CUST0151,West,Ahmedabad,Home,Lamp,1,855.0,0.2,684.0,368.55,315.45,Card
ORD00423,2025-11-23,CUST0289,Central,Nagpur,Fashion,Jeans,3,669.0,0.15,1705.95,1315.58,390.37,Wallet
ORD00424,2025-05-15,CUST0247,West,Ahmedabad,Beauty,Lipstick,4,529.0,0.2,1692.8,1259.66,433.14,COD
ORD00425,2025-03-24,CUST0212,West,Ahmedabad,Home,Bedsheet,2,726.0,0.05,1379.4,1004.26,375.14,Card
ORD00426,2025-08-15,CUST0176,East,Kolkata,Footwear,Sneakers,3,1371.0,0.0,4113.0,2565.37,1547.63,COD
ORD00427,2025-10-10,CUST0138,West,Pune,Footwear,Sandals,3,909.0,0.05,2590.65,1949.52,641.13,UPI
ORD00428,2025-12-28,CUST0136,West,Ahmedabad,Accessories,Backpack,2,899.0,0.05,1708.1,1214.82,493.28,UPI
ORD00429,2025-08-07,CUST0062,South,Chennai,Beauty,Serum,3,536.0,0.05,1527.6,1103.73,423.87,COD
ORD00430,2025-10-15,CUST0162,Central,Bhopal,Accessories,Sunglasses,1,547.0,0.15,464.95,286.65,178.3,Wallet
ORD00431,2025-01-05,CUST0296,West,Mumbai,Footwear,Loafers,3,866.0,0.15,2208.3,1275.83,932.47,UPI
ORD00432,2025-02-27,CUST0090,West,Ahmedabad,Fashion,Dress,1,443.0,0.2,354.4,216.29,138.11,Wallet
ORD00433,2025-02-08,CUST0195,East,Ranchi,Fashion,Dress,1,666.0,0.0,666.0,463.05,202.95,COD
ORD00434,2025-12-20,CUST0138,Central,Indore,Home,Storage Box,2,734.0,0.2,1174.4,690.95,483.45,Wallet
ORD00435,2025-03-18,CUST0191,East,Kolkata,Footwear,Loafers,4,1397.0,0.15,4749.8,2729.89,2019.91,Card
ORD00436,2025-10-07,CUST0052,West,Mumbai,Electronics,Smartwatch,2,1419.0,0.2,2270.4,1585.56,684.84,Card
ORD00437,2025-01-19,CUST0005,West,Mumbai,Beauty,Shampoo,2,582.0,0.05,1105.8,711.0,394.8,UPI
ORD00438,2025-07-09,CUST0288,South,Chennai,Electronics,Speaker,3,1052.0,0.15,2682.6,1604.22,1078.38,COD
ORD00439,2025-10-26,CUST0323,South,Hyderabad,Electronics,Earphones,2,971.0,0.1,1747.8,1125.41,622.39,COD
ORD00440,2025-10-10,CUST0132,East,Bhubaneswar,Electronics,Smartwatch,3,1386.0,0.2,3326.4,2211.88,1114.52,Card
ORD00441,2025-03-17,CUST0333,North,Jaipur,Fashion,Dress,2,748.0,0.2,1196.8,801.54,395.26,UPI
ORD00442,2025-08-09,CUST0196,East,Ranchi,Home,Storage Box,4,646.0,0.15,2196.4,1650.17,546.23,Card
ORD00443,2025-03-07,CUST0293,South,Chennai,Electronics,Power Bank,3,879.0,0.15,2241.45,1533.45,708.0,Wallet
ORD00444,2025-01-22,CUST0150,South,Bengaluru,Fashion,T-Shirt,2,689.0,0.1,1240.2,747.08,493.12,Card
ORD00445,2025-06-07,CUST0231,East,Bhubaneswar,Footwear,Sports Shoes,3,842.0,0.2,2020.8,1324.52,696.28,Wallet
ORD00446,2025-07-06,CUST0041,North,Delhi,Beauty,Serum,2,504.0,0.1,907.2,693.57,213.63,UPI
ORD00447,2025-01-21,CUST0014,North,Delhi,Beauty,Shampoo,1,480.0,0.15,408.0,270.34,137.66,Wallet
ORD00448,2025-07-03,CUST0200,North,Jaipur,Footwear,Sneakers,2,914.0,0.0,1828.0,1261.79,566.21,Card
ORD00449,2025-04-18,CUST0088,East,Bhubaneswar,Beauty,Serum,2,408.0,0.05,775.2,509.27,265.93,COD
ORD00450,2025-12-16,CUST0281,East,Bhubaneswar,Fashion,Jeans,4,567.0,0.2,1814.4,1384.5,429.9,Wallet
ORD00451,2025-05-08,CUST0328,Central,Nagpur,Beauty,Serum,4,445.0,0.2,1424.0,901.53,522.47,Card
ORD00452,2025-12-08,CUST0212,Central,Bhopal,Home,Cushion,1,762.0,0.15,647.7,388.65,259.05,Card
ORD00453,2025-02-22,CUST0274,North,Delhi,Beauty,Lipstick,2,370.0,0.1,666.0,395.98,270.02,COD
ORD00454,2025-07-01,CUST0306,West,Pune,Accessories,Sunglasses,1,873.0,0.15,742.05,539.82,202.23,UPI
ORD00455,2025-10-14,CUST0331,South,Bengaluru,Fashion,Jeans,4,633.0,0.15,2152.2,1258.98,893.22,Wallet
ORD00456,2025-07-28,CUST0314,East,Kolkata,Electronics,Power Bank,4,1200.0,0.05,4560.0,2983.69,1576.31,Card
ORD00457,2025-11-14,CUST0057,West,Mumbai,Home,Storage Box,1,637.0,0.05,605.15,336.17,268.98,Wallet
ORD00458,2025-03-21,CUST0078,East,Ranchi,Footwear,Sports Shoes,4,895.0,0.05,3401.0,2052.05,1348.95,COD
ORD00459,2025-05-02,CUST0225,South,Hyderabad,Footwear,Sneakers,3,990.0,0.1,2673.0,1476.86,1196.14,COD
ORD00460,2025-03-25,CUST0160,South,Hyderabad,Beauty,Face Wash,4,353.0,0.05,1341.4,816.77,524.63,Wallet
ORD00461,2025-04-01,CUST0201,North,Jaipur,Home,Cushion,1,880.0,0.05,836.0,446.9,389.1,COD
ORD00462,2025-07-31,CUST0063,South,Hyderabad,Footwear,Sports Shoes,3,1107.0,0.15,2822.85,2075.77,747.08,UPI
ORD00463,2025-01-13,CUST0049,South,Chennai,Electronics,Speaker,1,1224.0,0.05,1162.8,743.98,418.82,UPI
ORD00464,2025-04-02,CUST0282,East,Bhubaneswar,Electronics,Speaker,2,1454.0,0.0,2908.0,2075.23,832.77,COD
ORD00465,2025-06-20,CUST0112,East,Kolkata,Home,Cushion,3,637.0,0.0,1911.0,1422.84,488.16,COD
ORD00466,2025-07-30,CUST0203,East,Kolkata,Beauty,Shampoo,2,432.0,0.1,777.6,522.56,255.04,UPI
ORD00467,2025-12-09,CUST0046,Central,Nagpur,Fashion,T-Shirt,4,777.0,0.2,2486.4,1393.12,1093.28,UPI
ORD00468,2025-05-08,CUST0331,North,Lucknow,Beauty,Shampoo,3,511.0,0.0,1533.0,820.99,712.01,UPI
ORD00469,2025-05-17,CUST0331,South,Bengaluru,Accessories,Wallet,2,724.0,0.1,1303.2,1010.29,292.91,Card
ORD00470,2025-03-23,CUST0129,North,Lucknow,Electronics,Power Bank,4,1255.0,0.1,4518.0,3200.3,1317.7,COD
ORD00471,2025-12-26,CUST0279,Central,Indore,Electronics,Speaker,4,1331.0,0.05,5057.8,3375.28,1682.52,Card
ORD00472,2025-02-25,CUST0231,East,Ranchi,Home,Cushion,2,381.0,0.0,762.0,501.47,260.53,Card
ORD00473,2025-07-15,CUST0318,West,Mumbai,Home,Storage Box,4,473.0,0.05,1797.4,1347.26,450.14,Card
ORD00474,2025-01-20,CUST0098,East,Ranchi,Footwear,Sandals,1,1371.0,0.2,1096.8,803.9,292.9,Wallet
ORD00475,2025-08-29,CUST0057,Central,Indore,Footwear,Sandals,3,1426.0,0.15,3636.3,2496.81,1139.49,COD
ORD00476,2025-04-24,CUST0249,North,Delhi,Footwear,Sneakers,2,1051.0,0.0,2102.0,1203.48,898.52,UPI
ORD00477,2025-04-13,CUST0303,Central,Nagpur,Fashion,T-Shirt,4,773.0,0.15,2628.2,1725.97,902.23,Card
ORD00478,2025-08-24,CUST0107,South,Chennai,Fashion,Jeans,1,739.0,0.0,739.0,563.01,175.99,Wallet
ORD00479,2025-06-29,CUST0030,North,Jaipur,Fashion,Dress,4,1088.0,0.1,3916.8,2845.57,1071.23,Card
ORD00480,2025-06-06,CUST0050,North,Jaipur,Footwear,Sneakers,1,1322.0,0.05,1255.9,966.73,289.17,COD
ORD00481,2025-04-27,CUST0128,Central,Indore,Accessories,Backpack,2,782.0,0.05,1485.8,975.89,509.91,UPI
ORD00482,2025-04-25,CUST0219,North,Lucknow,Footwear,Sports Shoes,3,911.0,0.15,2323.05,1632.32,690.73,COD
ORD00483,2025-01-13,CUST0308,Central,Indore,Beauty,Serum,3,320.0,0.05,912.0,600.84,311.16,Wallet
ORD00484,2025-12-04,CUST0221,Central,Indore,Home,Storage Box,3,674.0,0.15,1718.7,1235.21,483.49,Card
ORD00485,2025-04-09,CUST0131,Central,Nagpur,Footwear,Sandals,2,950.0,0.15,1615.0,1161.32,453.68,Card
ORD00486,2025-07-24,CUST0266,West,Mumbai,Electronics,Speaker,1,1042.0,0.1,937.8,632.92,304.88,UPI
ORD00487,2025-06-18,CUST0142,East,Kolkata,Home,Bedsheet,2,574.0,0.1,1033.2,543.09,490.11,UPI
ORD00488,2025-05-23,CUST0299,West,Pune,Fashion,T-Shirt,2,564.0,0.05,1071.6,631.06,440.54,UPI
ORD00489,2025-02-05,CUST0040,East,Kolkata,Beauty,Lipstick,4,587.0,0.2,1878.4,1425.05,453.35,Card
ORD00490,2025-05-23,CUST0020,West,Ahmedabad,Electronics,Power Bank,1,1622.0,0.2,1297.6,891.43,406.17,Wallet
ORD00491,2025-06-29,CUST0062,East,Bhubaneswar,Fashion,T-Shirt,4,699.0,0.15,2376.6,1810.65,565.95,UPI
ORD00492,2025-11-25,CUST0277,West,Mumbai,Accessories,Wallet,3,1013.0,0.2,2431.2,1290.26,1140.94,UPI
ORD00493,2025-09-18,CUST0295,South,Hyderabad,Home,Lamp,4,659.0,0.15,2240.6,1603.68,636.92,COD
ORD00494,2025-07-24,CUST0244,East,Bhubaneswar,Beauty,Shampoo,2,380.0,0.05,722.0,438.55,283.45,COD
ORD00495,2025-12-14,CUST0067,East,Kolkata,Footwear,Sports Shoes,4,1402.0,0.2,4486.4,2839.75,1646.65,UPI
ORD00496,2025-10-02,CUST0269,West,Pune,Electronics,Power Bank,2,1536.0,0.2,2457.6,1671.56,786.04,UPI
ORD00497,2025-06-19,CUST0344,East,Bhubaneswar,Beauty,Face Wash,3,366.0,0.2,878.4,477.23,401.17,Wallet
ORD00498,2025-01-15,CUST0013,East,Kolkata,Electronics,Smartwatch,3,1352.0,0.1,3650.4,2461.86,1188.54,Card
ORD00499,2025-03-01,CUST0120,Central,Indore,Beauty,Lipstick,2,379.0,0.15,644.3,342.55,301.75,UPI
ORD00500,2025-05-14,CUST0125,South,Chennai,Accessories,Watch,1,601.0,0.0,601.0,428.09,172.91,UPI
ORD00501,2025-04-02,CUST0012,East,Ranchi,Home,Bedsheet,1,758.0,0.1,682.2,434.57,247.63,Card
ORD00502,2025-10-25,CUST0073,South,Chennai,Beauty,Serum,3,605.0,0.2,1452.0,937.39,514.61,COD
ORD00503,2025-05-16,CUST0317,East,Kolkata,Electronics,Earphones,1,1048.0,0.1,943.2,539.68,403.52,Card
ORD00504,2025-01-20,CUST0338,North,Delhi,Fashion,Dress,4,771.0,0.1,2775.6,1921.76,853.84,Card
ORD00505,2025-02-25,CUST0261,East,Ranchi,Fashion,T-Shirt,4,618.0,0.05,2348.4,1819.41,528.99,COD
ORD00506,2025-11-02,CUST0235,Central,Nagpur,Home,Cushion,1,593.0,0.05,563.35,322.07,241.28,COD
ORD00507,2025-08-11,CUST0081,Central,Indore,Fashion,Kurta,3,625.0,0.15,1593.75,991.77,601.98,COD
ORD00508,2025-06-26,CUST0257,East,Ranchi,Home,Storage Box,3,549.0,0.05,1564.65,1218.8,345.85,Card
ORD00509,2025-06-10,CUST0202,West,Mumbai,Fashion,Jeans,3,706.0,0.05,2012.1,1125.66,886.44,UPI
ORD00510,2025-08-12,CUST0079,Central,Nagpur,Fashion,Dress,2,595.0,0.15,1011.5,589.19,422.31,Wallet
ORD00511,2025-11-07,CUST0298,West,Ahmedabad,Home,Storage Box,2,682.0,0.05,1295.8,893.64,402.16,UPI
ORD00512,2025-09-19,CUST0290,Central,Bhopal,Beauty,Lipstick,4,446.0,0.05,1694.8,1170.46,524.34,UPI
ORD00513,2025-03-01,CUST0075,Central,Nagpur,Home,Bedsheet,1,622.0,0.05,590.9,356.06,234.84,COD
ORD00514,2025-07-17,CUST0097,West,Pune,Home,Cushion,4,544.0,0.1,1958.4,1095.74,862.66,COD
ORD00515,2025-10-23,CUST0119,North,Lucknow,Beauty,Serum,3,403.0,0.2,967.2,645.54,321.66,UPI
ORD00516,2025-04-08,CUST0310,East,Kolkata,Beauty,Face Wash,4,511.0,0.05,1941.8,1263.34,678.46,Wallet
ORD00517,2025-05-11,CUST0099,South,Bengaluru,Accessories,Watch,4,872.0,0.15,2964.8,1647.7,1317.1,UPI
ORD00518,2025-01-23,CUST0104,North,Jaipur,Fashion,Dress,4,577.0,0.05,2192.6,1563.36,629.24,UPI
ORD00519,2025-12-29,CUST0127,West,Ahmedabad,Fashion,Kurta,4,713.0,0.1,2566.8,1913.19,653.61,Wallet
ORD00520,2025-08-12,CUST0293,Central,Nagpur,Electronics,Earphones,4,1589.0,0.1,5720.4,3560.83,2159.57,COD
ORD00521,2025-01-01,CUST0203,West,Pune,Footwear,Sneakers,1,769.0,0.05,730.55,478.41,252.14,COD
ORD00522,2025-09-24,CUST0204,Central,Nagpur,Footwear,Sports Shoes,1,1208.0,0.05,1147.6,683.63,463.97,Card
ORD00523,2025-10-03,CUST0265,South,Bengaluru,Home,Cushion,3,572.0,0.2,1372.8,1041.88,330.92,UPI
ORD00524,2025-12-18,CUST0280,North,Lucknow,Electronics,Speaker,1,1544.0,0.05,1466.8,1059.72,407.08,UPI
ORD00525,2025-12-10,CUST0104,East,Bhubaneswar,Electronics,Speaker,1,1208.0,0.05,1147.6,732.12,415.48,Wallet
ORD00526,2025-04-11,CUST0231,East,Ranchi,Fashion,Jeans,2,473.0,0.0,946.0,514.35,431.65,Card
ORD00527,2025-07-06,CUST0023,Central,Nagpur,Fashion,Dress,2,495.0,0.15,841.5,557.99,283.51,UPI
ORD00528,2025-08-09,CUST0159,South,Hyderabad,Home,Lamp,2,656.0,0.0,1312.0,825.37,486.63,Wallet
ORD00529,2025-02-05,CUST0130,North,Delhi,Home,Lamp,2,680.0,0.0,1360.0,927.34,432.66,COD
ORD00530,2025-12-07,CUST0122,West,Ahmedabad,Electronics,Speaker,1,1172.0,0.2,937.6,702.73,234.87,UPI
ORD00531,2025-06-19,CUST0004,West,Pune,Footwear,Sports Shoes,4,1226.0,0.0,4904.0,3316.66,1587.34,UPI
ORD00532,2025-11-16,CUST0029,Central,Nagpur,Footwear,Loafers,2,771.0,0.0,1542.0,875.95,666.05,Card
ORD00533,2025-06-10,CUST0026,North,Lucknow,Fashion,Kurta,3,692.0,0.1,1868.4,1418.68,449.72,COD
ORD00534,2025-12-06,CUST0305,South,Chennai,Electronics,Power Bank,3,1095.0,0.2,2628.0,1818.16,809.84,UPI
ORD00535,2025-03-05,CUST0195,North,Delhi,Electronics,Smartwatch,3,1236.0,0.1,3337.2,2055.14,1282.06,COD
ORD00536,2025-06-03,CUST0141,East,Bhubaneswar,Electronics,Earphones,2,1412.0,0.0,2824.0,1978.5,845.5,Card
ORD00537,2025-09-17,CUST0293,Central,Bhopal,Footwear,Sports Shoes,2,930.0,0.2,1488.0,796.27,691.73,COD
ORD00538,2025-06-08,CUST0320,West,Ahmedabad,Electronics,Smartwatch,3,1303.0,0.1,3518.1,2309.99,1208.11,Card
ORD00539,2025-12-08,CUST0313,Central,Nagpur,Beauty,Shampoo,4,532.0,0.15,1808.8,1320.56,488.24,UPI
ORD00540,2025-07-29,CUST0061,South,Hyderabad,Accessories,Watch,1,717.0,0.0,717.0,459.5,257.5,UPI
ORD00541,2025-06-17,CUST0327,West,Mumbai,Footwear,Sports Shoes,3,1265.0,0.1,3415.5,2273.73,1141.77,UPI
ORD00542,2025-07-26,CUST0282,East,Bhubaneswar,Fashion,Kurta,1,558.0,0.1,502.2,300.35,201.85,Card
ORD00543,2025-12-23,CUST0015,East,Bhubaneswar,Fashion,T-Shirt,4,767.0,0.2,2454.4,1669.38,785.02,UPI
ORD00544,2025-06-01,CUST0331,East,Ranchi,Beauty,Lipstick,4,567.0,0.15,1927.8,1402.06,525.74,UPI
ORD00545,2025-10-11,CUST0212,West,Ahmedabad,Electronics,Power Bank,3,777.0,0.15,1981.35,1434.17,547.18,COD
ORD00546,2025-03-07,CUST0107,Central,Nagpur,Footwear,Loafers,3,942.0,0.2,2260.8,1490.61,770.19,Card
ORD00547,2025-04-09,CUST0321,South,Bengaluru,Home,Bedsheet,1,718.0,0.1,646.2,501.28,144.92,UPI
ORD00548,2025-08-04,CUST0162,South,Chennai,Footwear,Sports Shoes,1,1060.0,0.1,954.0,671.01,282.99,COD
ORD00549,2025-12-07,CUST0155,North,Jaipur,Home,Cushion,2,693.0,0.1,1247.4,795.21,452.19,UPI
ORD00550,2025-07-14,CUST0048,South,Hyderabad,Footwear,Loafers,3,980.0,0.0,2940.0,2123.34,816.66,Wallet
ORD00551,2025-12-13,CUST0248,West,Ahmedabad,Footwear,Sneakers,2,1117.0,0.05,2122.3,1291.27,831.03,Card
ORD00552,2025-03-31,CUST0236,North,Lucknow,Home,Lamp,2,632.0,0.05,1200.8,850.63,350.17,Wallet
ORD00553,2025-11-12,CUST0171,North,Jaipur,Accessories,Wallet,1,968.0,0.2,774.4,578.23,196.17,Wallet
ORD00554,2025-10-19,CUST0160,Central,Nagpur,Fashion,T-Shirt,3,732.0,0.0,2196.0,1471.68,724.32,UPI
ORD00555,2025-06-04,CUST0226,South,Bengaluru,Home,Lamp,3,689.0,0.2,1653.6,997.09,656.51,COD
ORD00556,2025-07-27,CUST0287,South,Bengaluru,Home,Lamp,1,602.0,0.0,602.0,463.03,138.97,COD
ORD00557,2025-10-08,CUST0146,Central,Indore,Beauty,Lipstick,3,411.0,0.05,1171.35,896.38,274.97,UPI
ORD00558,2025-01-01,CUST0067,East,Ranchi,Beauty,Face Wash,3,415.0,0.2,996.0,632.81,363.19,COD
ORD00559,2025-06-05,CUST0092,North,Jaipur,Electronics,Earphones,1,1499.0,0.0,1499.0,945.69,553.31,Wallet
ORD00560,2025-05-27,CUST0239,East,Bhubaneswar,Footwear,Loafers,2,1017.0,0.2,1627.2,879.37,747.83,UPI
ORD00561,2025-04-18,CUST0115,North,Jaipur,Fashion,Dress,3,737.0,0.15,1879.35,1207.19,672.16,UPI
ORD00562,2025-08-09,CUST0167,East,Bhubaneswar,Footwear,Loafers,2,1511.0,0.1,2719.8,1972.08,747.72,Wallet
ORD00563,2025-10-24,CUST0088,North,Jaipur,Electronics,Earphones,1,1620.0,0.1,1458.0,939.61,518.39,Card
ORD00564,2025-11-07,CUST0333,Central,Bhopal,Home,Lamp,4,612.0,0.0,2448.0,1480.37,967.63,COD
ORD00565,2025-12-02,CUST0281,West,Ahmedabad,Home,Cushion,4,791.0,0.05,3005.8,2048.23,957.57,UPI
ORD00566,2025-06-14,CUST0223,North,Jaipur,Electronics,Speaker,2,1297.0,0.2,2075.2,1311.73,763.47,Card
ORD00567,2025-08-27,CUST0059,South,Chennai,Footwear,Sandals,1,696.0,0.2,556.8,410.67,146.13,Wallet
ORD00568,2025-08-15,CUST0056,West,Mumbai,Home,Bedsheet,3,532.0,0.15,1356.6,729.98,626.62,Wallet
ORD00569,2025-08-15,CUST0326,North,Delhi,Home,Cushion,2,431.0,0.05,818.9,614.74,204.16,COD
ORD00570,2025-12-12,CUST0229,West,Ahmedabad,Beauty,Serum,3,422.0,0.15,1076.1,731.8,344.3,UPI
ORD00571,2025-04-20,CUST0177,East,Ranchi,Beauty,Lipstick,3,451.0,0.15,1150.05,812.65,337.4,COD
ORD00572,2025-09-19,CUST0032,Central,Nagpur,Footwear,Sneakers,4,1432.0,0.05,5441.6,4035.77,1405.83,Card
ORD00573,2025-08-31,CUST0016,North,Lucknow,Footwear,Sneakers,3,1165.0,0.0,3495.0,2600.02,894.98,UPI
ORD00574,2025-03-28,CUST0280,East,Ranchi,Electronics,Speaker,4,1345.0,0.15,4573.0,2831.63,1741.37,UPI
ORD00575,2025-12-04,CUST0185,West,Mumbai,Accessories,Backpack,2,919.0,0.2,1470.4,911.64,558.76,Wallet
ORD00576,2025-02-13,CUST0074,South,Hyderabad,Beauty,Lipstick,1,271.0,0.0,271.0,186.61,84.39,Wallet
ORD00577,2025-05-26,CUST0310,South,Hyderabad,Accessories,Sunglasses,2,834.0,0.15,1417.8,1054.33,363.47,Wallet
ORD00578,2025-09-21,CUST0197,West,Ahmedabad,Footwear,Sandals,4,1253.0,0.2,4009.6,2939.91,1069.69,Card
ORD00579,2025-12-06,CUST0122,West,Ahmedabad,Beauty,Serum,1,330.0,0.2,264.0,171.47,92.53,Card
ORD00580,2025-11-21,CUST0247,North,Delhi,Electronics,Smartwatch,4,1688.0,0.1,6076.8,3338.73,2738.07,COD
ORD00581,2025-11-14,CUST0046,West,Ahmedabad,Beauty,Lipstick,1,477.0,0.2,381.6,286.73,94.87,UPI
ORD00582,2025-06-21,CUST0176,Central,Nagpur,Electronics,Earphones,3,1295.0,0.2,3108.0,1658.81,1449.19,COD
ORD00583,2025-02-17,CUST0151,Central,Indore,Electronics,Speaker,3,1559.0,0.15,3975.45,2432.01,1543.44,Card
ORD00584,2025-05-01,CUST0323,Central,Nagpur,Beauty,Face Wash,3,634.0,0.2,1521.6,894.27,627.33,Wallet
ORD00585,2025-12-11,CUST0249,Central,Bhopal,Footwear,Sandals,3,1136.0,0.2,2726.4,1437.08,1289.32,COD
ORD00586,2025-06-08,CUST0132,East,Bhubaneswar,Beauty,Face Wash,2,470.0,0.2,752.0,445.98,306.02,COD
ORD00587,2025-04-26,CUST0090,Central,Bhopal,Accessories,Wallet,2,734.0,0.15,1247.8,768.82,478.98,Card
ORD00588,2025-04-12,CUST0075,West,Mumbai,Accessories,Backpack,1,678.0,0.1,610.2,473.43,136.77,UPI
ORD00589,2025-03-17,CUST0177,West,Mumbai,Electronics,Speaker,4,1609.0,0.05,6114.2,3514.58,2599.62,COD
ORD00590,2025-01-13,CUST0155,North,Delhi,Accessories,Watch,2,677.0,0.15,1150.9,717.79,433.11,Wallet
ORD00591,2025-01-24,CUST0272,West,Ahmedabad,Accessories,Backpack,4,810.0,0.15,2754.0,1620.13,1133.87,Wallet
ORD00592,2025-05-06,CUST0022,West,Pune,Fashion,Jeans,3,640.0,0.2,1536.0,1071.43,464.57,COD
ORD00593,2025-09-01,CUST0051,West,Ahmedabad,Footwear,Loafers,3,1195.0,0.1,3226.5,1904.55,1321.95,Card
ORD00594,2025-11-09,CUST0267,West,Ahmedabad,Accessories,Sunglasses,2,848.0,0.2,1356.8,977.34,379.46,Card
ORD00595,2025-02-07,CUST0007,East,Ranchi,Accessories,Backpack,1,949.0,0.0,949.0,698.69,250.31,Wallet
ORD00596,2025-08-22,CUST0018,West,Pune,Fashion,T-Shirt,2,636.0,0.1,1144.8,670.27,474.53,COD
ORD00597,2025-08-01,CUST0062,North,Lucknow,Footwear,Sneakers,2,1047.0,0.2,1675.2,1149.02,526.18,COD
ORD00598,2025-11-19,CUST0130,West,Ahmedabad,Footwear,Sandals,2,906.0,0.0,1812.0,1269.98,542.02,Card
ORD00599,2025-10-22,CUST0038,West,Pune,Electronics,Earphones,4,1288.0,0.1,4636.8,2721.37,1915.43,Card
ORD00600,2025-04-10,CUST0136,West,Pune,Fashion,Dress,1,748.0,0.1,673.2,517.33,155.87,UPI
ORD00601,2025-12-23,CUST0056,West,Mumbai,Electronics,Earphones,4,1591.0,0.05,6045.8,4158.46,1887.34,UPI
ORD00602,2025-07-16,CUST0053,South,Chennai,Footwear,Sports Shoes,1,917.0,0.15,779.45,550.29,229.16,COD
ORD00603,2025-09-11,CUST0255,Central,Nagpur,Fashion,T-Shirt,3,810.0,0.15,2065.5,1084.14,981.36,UPI
ORD00604,2025-07-24,CUST0169,North,Lucknow,Accessories,Wallet,4,995.0,0.1,3582.0,2003.84,1578.16,Wallet
ORD00605,2025-05-05,CUST0036,Central,Nagpur,Footwear,Sneakers,4,1182.0,0.15,4018.8,2545.41,1473.39,UPI
ORD00606,2025-03-17,CUST0206,West,Mumbai,Fashion,Dress,3,936.0,0.1,2527.2,1762.16,765.04,COD
ORD00607,2025-12-02,CUST0149,East,Ranchi,Accessories,Wallet,3,689.0,0.0,2067.0,1526.91,540.09,UPI
ORD00608,2025-12-19,CUST0055,West,Ahmedabad,Beauty,Face Wash,2,349.0,0.1,628.2,440.32,187.88,Card
ORD00609,2025-01-03,CUST0013,West,Ahmedabad,Electronics,Earphones,2,952.0,0.05,1808.8,957.36,851.44,UPI
ORD00610,2025-02-24,CUST0231,North,Lucknow,Electronics,Speaker,3,1777.0,0.15,4531.35,2985.36,1545.99,COD
ORD00611,2025-08-06,CUST0335,North,Jaipur,Fashion,Jeans,1,782.0,0.15,664.7,366.07,298.63,Wallet
ORD00612,2025-04-23,CUST0251,Central,Bhopal,Accessories,Backpack,1,792.0,0.0,792.0,563.29,228.71,COD
ORD00613,2025-04-01,CUST0026,South,Chennai,Electronics,Earphones,2,1471.0,0.0,2942.0,1661.6,1280.4,Card
ORD00614,2025-12-23,CUST0305,Central,Bhopal,Fashion,Dress,1,558.0,0.0,558.0,306.73,251.27,UPI
ORD00615,2025-09-23,CUST0295,West,Pune,Fashion,Kurta,4,1008.0,0.1,3628.8,2000.95,1627.85,UPI
ORD00616,2025-08-26,CUST0141,North,Lucknow,Home,Lamp,2,665.0,0.1,1197.0,642.12,554.88,UPI
ORD00617,2025-01-26,CUST0298,East,Ranchi,Electronics,Power Bank,2,1428.0,0.15,2427.6,1416.13,1011.47,COD
ORD00618,2025-10-13,CUST0042,Central,Indore,Beauty,Face Wash,2,509.0,0.0,1018.0,762.18,255.82,COD
ORD00619,2025-05-08,CUST0244,North,Lucknow,Fashion,Kurta,3,761.0,0.15,1940.55,1358.99,581.56,UPI
ORD00620,2025-03-04,CUST0090,East,Ranchi,Beauty,Serum,4,468.0,0.15,1591.2,926.41,664.79,COD
ORD00621,2025-08-22,CUST0003,West,Ahmedabad,Footwear,Sandals,1,943.0,0.1,848.7,518.08,330.62,UPI
ORD00622,2025-03-10,CUST0238,Central,Bhopal,Beauty,Face Wash,3,488.0,0.2,1171.2,763.58,407.62,UPI
ORD00623,2025-08-26,CUST0082,South,Hyderabad,Home,Bedsheet,2,870.0,0.15,1479.0,960.39,518.61,COD
ORD00624,2025-12-08,CUST0233,East,Kolkata,Fashion,Jeans,4,870.0,0.1,3132.0,1900.86,1231.14,COD
ORD00625,2025-09-29,CUST0060,Central,Bhopal,Fashion,T-Shirt,2,901.0,0.0,1802.0,1164.3,637.7,COD
ORD00626,2025-10-14,CUST0347,Central,Nagpur,Beauty,Shampoo,3,409.0,0.15,1042.95,596.23,446.72,Card
ORD00627,2025-11-01,CUST0103,East,Kolkata,Beauty,Face Wash,1,370.0,0.05,351.5,250.2,101.3,Wallet
ORD00628,2025-06-12,CUST0075,West,Ahmedabad,Beauty,Face Wash,4,440.0,0.0,1760.0,1322.69,437.31,UPI
ORD00629,2025-08-15,CUST0100,South,Bengaluru,Footwear,Sports Shoes,3,1111.0,0.05,3166.35,2023.34,1143.01,Card
ORD00630,2025-11-10,CUST0070,East,Kolkata,Home,Lamp,1,778.0,0.2,622.4,333.3,289.1,COD
ORD00631,2025-09-16,CUST0310,West,Mumbai,Electronics,Speaker,3,973.0,0.05,2773.05,2081.08,691.97,UPI
ORD00632,2025-08-07,CUST0268,Central,Nagpur,Accessories,Backpack,2,1020.0,0.0,2040.0,1279.16,760.84,Wallet
ORD00633,2025-10-08,CUST0127,West,Pune,Beauty,Shampoo,1,437.0,0.15,371.45,264.25,107.2,UPI
ORD00634,2025-08-17,CUST0214,Central,Bhopal,Home,Cushion,2,600.0,0.2,960.0,723.4,236.6,COD
ORD00635,2025-03-23,CUST0051,Central,Bhopal,Fashion,Dress,4,572.0,0.2,1830.4,1139.47,690.93,Wallet
ORD00636,2025-09-01,CUST0068,North,Lucknow,Electronics,Power Bank,1,983.0,0.15,835.55,640.85,194.7,Card
ORD00637,2025-08-19,CUST0236,North,Delhi,Home,Lamp,4,746.0,0.1,2685.6,1509.49,1176.11,COD
ORD00638,2025-05-13,CUST0190,South,Chennai,Electronics,Speaker,4,1418.0,0.05,5388.4,3908.55,1479.85,Wallet
ORD00639,2025-05-07,CUST0219,North,Jaipur,Accessories,Wallet,3,614.0,0.2,1473.6,778.81,694.79,Card
ORD00640,2025-11-23,CUST0346,North,Lucknow,Accessories,Backpack,3,614.0,0.0,1842.0,1204.36,637.64,Card
ORD00641,2025-05-22,CUST0188,West,Pune,Fashion,T-Shirt,4,658.0,0.2,2105.6,1117.29,988.31,UPI
ORD00642,2025-09-24,CUST0123,Central,Nagpur,Accessories,Wallet,2,1040.0,0.05,1976.0,1531.65,444.35,COD
ORD00643,2025-09-06,CUST0137,Central,Nagpur,Accessories,Sunglasses,2,763.0,0.05,1449.7,874.63,575.07,Wallet
ORD00644,2025-11-17,CUST0270,North,Jaipur,Home,Bedsheet,3,474.0,0.15,1208.7,781.33,427.37,COD
ORD00645,2025-05-03,CUST0235,West,Ahmedabad,Electronics,Smartwatch,3,1338.0,0.0,4014.0,2283.85,1730.15,COD
ORD00646,2025-05-21,CUST0058,South,Bengaluru,Fashion,Dress,1,666.0,0.0,666.0,374.85,291.15,UPI
ORD00647,2025-08-14,CUST0350,South,Chennai,Electronics,Power Bank,1,720.0,0.1,648.0,407.14,240.86,UPI
ORD00648,2025-02-09,CUST0012,West,Pune,Electronics,Smartwatch,1,1386.0,0.1,1247.4,709.96,537.44,UPI
ORD00649,2025-05-27,CUST0341,West,Ahmedabad,Footwear,Loafers,3,1054.0,0.1,2845.8,1839.52,1006.28,Wallet
ORD00650,2025-05-01,CUST0117,Central,Bhopal,Electronics,Smartwatch,3,1575.0,0.05,4488.75,3255.28,1233.47,Wallet
ORD00651,2025-05-20,CUST0086,North,Delhi,Home,Storage Box,3,866.0,0.1,2338.2,1493.04,845.16,UPI
ORD00652,2025-06-21,CUST0022,South,Hyderabad,Accessories,Watch,2,962.0,0.05,1827.8,1063.52,764.28,Card
ORD00653,2025-06-13,CUST0018,West,Pune,Footwear,Sandals,3,1047.0,0.05,2983.95,1710.82,1273.13,Card
ORD00654,2025-10-04,CUST0013,East,Bhubaneswar,Home,Lamp,2,521.0,0.2,833.6,498.83,334.77,Wallet
ORD00655,2025-02-11,CUST0280,West,Pune,Electronics,Power Bank,2,2048.0,0.0,4096.0,3163.09,932.91,Card
ORD00656,2025-03-12,CUST0227,West,Pune,Accessories,Watch,2,809.0,0.2,1294.4,918.28,376.12,Card
ORD00657,2025-03-19,CUST0013,West,Mumbai,Accessories,Wallet,2,802.0,0.2,1283.2,706.26,576.94,Wallet
ORD00658,2025-04-29,CUST0329,West,Pune,Footwear,Sandals,1,1095.0,0.1,985.5,526.56,458.94,UPI
ORD00659,2025-07-16,CUST0229,East,Kolkata,Footwear,Sandals,1,1139.0,0.0,1139.0,751.73,387.27,COD
ORD00660,2025-12-22,CUST0029,South,Bengaluru,Footwear,Sports Shoes,3,1071.0,0.2,2570.4,1740.98,829.42,Card
ORD00661,2025-03-20,CUST0177,West,Pune,Electronics,Power Bank,4,1255.0,0.1,4518.0,2363.68,2154.32,Card
ORD00662,2025-12-28,CUST0213,Central,Bhopal,Home,Cushion,2,586.0,0.15,996.2,710.09,286.11,Wallet
ORD00663,2025-04-20,CUST0307,West,Ahmedabad,Home,Lamp,4,646.0,0.05,2454.8,1809.76,645.04,COD
ORD00664,2025-02-02,CUST0303,East,Bhubaneswar,Beauty,Serum,3,406.0,0.0,1218.0,928.87,289.13,Wallet
ORD00665,2025-08-01,CUST0237,West,Ahmedabad,Fashion,T-Shirt,3,610.0,0.15,1555.5,879.59,675.91,UPI
ORD00666,2025-07-28,CUST0155,West,Pune,Beauty,Serum,4,459.0,0.0,1836.0,1347.49,488.51,Card
ORD00667,2025-06-19,CUST0328,South,Hyderabad,Electronics,Speaker,1,1336.0,0.05,1269.2,746.67,522.53,Wallet
ORD00668,2025-10-05,CUST0142,West,Mumbai,Fashion,Jeans,4,890.0,0.05,3382.0,1783.65,1598.35,Wallet
ORD00669,2025-08-27,CUST0244,Central,Indore,Fashion,Jeans,4,366.0,0.1,1317.6,900.29,417.31,COD
ORD00670,2025-08-01,CUST0070,East,Kolkata,Home,Bedsheet,1,778.0,0.05,739.1,445.76,293.34,Card
ORD00671,2025-02-01,CUST0150,East,Bhubaneswar,Beauty,Face Wash,4,551.0,0.1,1983.6,1056.6,927.0,COD
ORD00672,2025-04-16,CUST0162,South,Hyderabad,Footwear,Sandals,2,689.0,0.2,1102.4,665.71,436.69,Card
ORD00673,2025-08-04,CUST0266,North,Lucknow,Home,Storage Box,3,610.0,0.05,1738.5,909.85,828.65,Card
ORD00674,2025-07-19,CUST0258,West,Pune,Home,Cushion,2,607.0,0.0,1214.0,700.05,513.95,UPI
ORD00675,2025-10-27,CUST0009,West,Pune,Beauty,Face Wash,1,336.0,0.0,336.0,246.25,89.75,Wallet
ORD00676,2025-12-23,CUST0176,East,Kolkata,Home,Storage Box,4,559.0,0.2,1788.8,1173.47,615.33,UPI
ORD00677,2025-01-11,CUST0073,North,Lucknow,Accessories,Watch,1,640.0,0.05,608.0,336.51,271.49,UPI
ORD00678,2025-10-22,CUST0058,South,Hyderabad,Home,Lamp,1,855.0,0.15,726.75,508.44,218.31,COD
ORD00679,2025-07-14,CUST0338,West,Mumbai,Fashion,Dress,2,818.0,0.0,1636.0,864.67,771.33,COD
ORD00680,2025-09-02,CUST0050,East,Kolkata,Electronics,Earphones,1,1720.0,0.1,1548.0,1073.65,474.35,COD
ORD00681,2025-01-04,CUST0075,Central,Bhopal,Footwear,Sandals,2,1243.0,0.1,2237.4,1180.47,1056.93,Card
ORD00682,2025-06-30,CUST0051,East,Kolkata,Footwear,Loafers,2,876.0,0.2,1401.6,936.63,464.97,COD
ORD00683,2025-06-02,CUST0051,South,Bengaluru,Footwear,Sandals,2,996.0,0.2,1593.6,830.47,763.13,UPI
ORD00684,2025-07-19,CUST0055,East,Ranchi,Footwear,Sports Shoes,2,1197.0,0.15,2034.9,1414.49,620.41,UPI
ORD00685,2025-08-03,CUST0161,West,Mumbai,Home,Cushion,2,507.0,0.15,861.9,473.48,388.42,COD
ORD00686,2025-10-03,CUST0286,Central,Bhopal,Electronics,Earphones,4,1580.0,0.1,5688.0,3999.97,1688.03,COD
ORD00687,2025-10-07,CUST0160,West,Mumbai,Fashion,Jeans,4,670.0,0.1,2412.0,1540.8,871.2,Wallet
ORD00688,2025-11-05,CUST0244,East,Bhubaneswar,Beauty,Shampoo,2,420.0,0.0,840.0,632.21,207.79,Card
ORD00689,2025-04-23,CUST0338,West,Ahmedabad,Beauty,Face Wash,1,508.0,0.15,431.8,273.72,158.08,COD
ORD00690,2025-09-07,CUST0102,West,Pune,Fashion,Kurta,1,756.0,0.05,718.2,385.55,332.65,Card
ORD00691,2025-04-23,CUST0298,North,Delhi,Beauty,Shampoo,4,421.0,0.15,1431.4,847.98,583.42,Card
ORD00692,2025-05-20,CUST0076,East,Bhubaneswar,Accessories,Sunglasses,4,967.0,0.15,3287.8,2146.83,1140.97,Wallet
ORD00693,2025-08-12,CUST0069,East,Bhubaneswar,Fashion,T-Shirt,4,564.0,0.05,2143.2,1464.61,678.59,COD
ORD00694,2025-09-06,CUST0348,North,Jaipur,Fashion,T-Shirt,1,778.0,0.05,739.1,457.86,281.24,Card
ORD00695,2025-01-15,CUST0267,Central,Nagpur,Beauty,Lipstick,1,498.0,0.0,498.0,344.56,153.44,Wallet
ORD00696,2025-07-19,CUST0278,East,Ranchi,Electronics,Power Bank,4,1322.0,0.15,4494.8,2927.22,1567.58,Card
ORD00697,2025-06-22,CUST0193,North,Jaipur,Footwear,Sneakers,1,1165.0,0.15,990.25,630.82,359.43,Wallet
ORD00698,2025-12-09,CUST0069,North,Delhi,Electronics,Earphones,3,1085.0,0.05,3092.25,2003.11,1089.14,Card
ORD00699,2025-12-14,CUST0293,West,Mumbai,Accessories,Sunglasses,4,933.0,0.2,2985.6,2084.54,901.06,Wallet
ORD00700,2025-07-27,CUST0194,Central,Bhopal,Electronics,Power Bank,4,1353.0,0.1,4870.8,3159.3,1711.5,Card
ORD00701,2025-03-26,CUST0179,North,Delhi,Home,Storage Box,1,589.0,0.05,559.55,412.73,146.82,COD
ORD00702,2025-08-28,CUST0211,West,Mumbai,Accessories,Watch,4,951.0,0.1,3423.6,2663.24,760.36,Card
ORD00703,2025-03-07,CUST0034,South,Hyderabad,Fashion,Kurta,3,611.0,0.2,1466.4,794.91,671.49,Card
ORD00704,2025-11-15,CUST0217,South,Hyderabad,Fashion,Jeans,3,523.0,0.0,1569.0,1003.9,565.1,Wallet
ORD00705,2025-10-01,CUST0200,West,Ahmedabad,Home,Bedsheet,1,468.0,0.1,421.2,260.39,160.81,Card
ORD00706,2025-01-14,CUST0342,West,Mumbai,Footwear,Sneakers,2,1220.0,0.1,2196.0,1425.53,770.47,Card
ORD00707,2025-07-21,CUST0039,East,Bhubaneswar,Beauty,Lipstick,2,346.0,0.15,588.2,403.04,185.16,UPI
ORD00708,2025-10-31,CUST0048,North,Jaipur,Home,Storage Box,4,855.0,0.05,3249.0,2217.08,1031.92,COD
ORD00709,2025-10-16,CUST0040,East,Kolkata,Footwear,Loafers,4,688.0,0.15,2339.2,1343.95,995.25,Card
ORD00710,2025-12-06,CUST0129,West,Ahmedabad,Footwear,Loafers,3,1436.0,0.05,4092.6,2569.01,1523.59,Wallet
ORD00711,2025-01-14,CUST0339,North,Lucknow,Accessories,Backpack,2,830.0,0.2,1328.0,862.93,465.07,Wallet
ORD00712,2025-02-12,CUST0237,Central,Nagpur,Home,Cushion,1,639.0,0.2,511.2,292.49,218.71,UPI
ORD00713,2025-11-26,CUST0033,East,Bhubaneswar,Beauty,Serum,4,406.0,0.1,1461.6,1086.92,374.68,UPI
ORD00714,2025-08-08,CUST0121,East,Ranchi,Electronics,Smartwatch,2,1501.0,0.1,2701.8,1887.43,814.37,Wallet
ORD00715,2025-03-11,CUST0159,South,Hyderabad,Beauty,Face Wash,1,447.0,0.05,424.65,308.82,115.83,Wallet
ORD00716,2025-08-25,CUST0070,West,Ahmedabad,Electronics,Speaker,1,1678.0,0.05,1594.1,894.98,699.12,COD
ORD00717,2025-04-04,CUST0029,Central,Bhopal,Home,Storage Box,1,663.0,0.15,563.55,407.66,155.89,COD
ORD00718,2025-01-26,CUST0072,North,Jaipur,Home,Storage Box,3,668.0,0.0,2004.0,1248.88,755.12,UPI
ORD00719,2025-05-14,CUST0122,Central,Nagpur,Fashion,T-Shirt,3,654.0,0.15,1667.7,1250.75,416.95,COD
ORD00720,2025-07-14,CUST0112,Central,Nagpur,Home,Storage Box,4,643.0,0.05,2443.4,1864.88,578.52,UPI
ORD00721,2025-06-17,CUST0302,South,Bengaluru,Fashion,Kurta,4,739.0,0.15,2512.6,1472.68,1039.92,COD
ORD00722,2025-04-19,CUST0143,North,Jaipur,Electronics,Smartwatch,4,969.0,0.15,3294.6,2298.02,996.58,UPI
ORD00723,2025-08-21,CUST0340,East,Bhubaneswar,Home,Cushion,1,492.0,0.2,393.6,208.23,185.37,COD
ORD00724,2025-06-17,CUST0186,East,Ranchi,Accessories,Backpack,4,907.0,0.1,3265.2,2240.34,1024.86,COD
ORD00725,2025-06-22,CUST0131,West,Pune,Footwear,Sandals,1,1134.0,0.15,963.9,733.67,230.23,Card
ORD00726,2025-07-14,CUST0330,East,Kolkata,Fashion,Kurta,2,677.0,0.15,1150.9,787.39,363.51,Wallet
ORD00727,2025-05-23,CUST0171,North,Jaipur,Fashion,Jeans,4,702.0,0.15,2386.8,1816.09,570.71,Wallet
ORD00728,2025-08-04,CUST0281,East,Ranchi,Fashion,Kurta,1,744.0,0.1,669.6,421.46,248.14,Card
ORD00729,2025-05-10,CUST0070,North,Lucknow,Electronics,Earphones,2,1264.0,0.15,2148.8,1559.31,589.49,COD
ORD00730,2025-02-11,CUST0265,East,Bhubaneswar,Electronics,Power Bank,1,1204.0,0.0,1204.0,675.48,528.52,UPI
ORD00731,2025-08-29,CUST0304,East,Bhubaneswar,Footwear,Sports Shoes,4,1139.0,0.05,4328.2,2544.02,1784.18,Card
ORD00732,2025-01-10,CUST0194,North,Jaipur,Home,Lamp,3,536.0,0.05,1527.6,950.64,576.96,UPI
ORD00733,2025-10-04,CUST0102,Central,Nagpur,Fashion,T-Shirt,2,751.0,0.0,1502.0,1161.46,340.54,Card
ORD00734,2025-01-27,CUST0046,North,Jaipur,Accessories,Backpack,4,555.0,0.2,1776.0,1043.65,732.35,Card
ORD00735,2025-06-29,CUST0254,North,Lucknow,Beauty,Face Wash,4,533.0,0.15,1812.2,1332.12,480.08,COD
ORD00736,2025-04-25,CUST0221,South,Bengaluru,Beauty,Serum,3,488.0,0.15,1244.4,770.71,473.69,UPI
ORD00737,2025-11-29,CUST0075,East,Ranchi,Footwear,Sandals,2,1151.0,0.15,1956.7,1109.25,847.45,COD
ORD00738,2025-02-05,CUST0332,South,Chennai,Home,Storage Box,4,765.0,0.05,2907.0,1791.02,1115.98,Wallet
ORD00739,2025-11-30,CUST0197,West,Mumbai,Fashion,T-Shirt,3,910.0,0.15,2320.5,1621.06,699.44,Wallet
ORD00740,2025-01-21,CUST0121,North,Delhi,Accessories,Watch,1,946.0,0.0,946.0,573.79,372.21,Wallet
ORD00741,2025-01-16,CUST0344,North,Jaipur,Home,Bedsheet,4,435.0,0.1,1566.0,1212.33,353.67,Card
ORD00742,2025-05-07,CUST0174,Central,Bhopal,Beauty,Face Wash,3,346.0,0.05,986.1,641.93,344.17,Wallet
ORD00743,2025-04-13,CUST0161,East,Ranchi,Beauty,Face Wash,4,399.0,0.05,1516.2,891.08,625.12,COD
ORD00744,2025-01-11,CUST0135,East,Ranchi,Beauty,Shampoo,3,452.0,0.15,1152.6,684.14,468.46,Card
ORD00745,2025-11-15,CUST0078,West,Mumbai,Footwear,Loafers,3,1202.0,0.15,3065.1,2202.44,862.66,Wallet
ORD00746,2025-03-20,CUST0134,South,Hyderabad,Fashion,Kurta,2,609.0,0.05,1157.1,612.48,544.62,UPI
ORD00747,2025-05-03,CUST0288,West,Mumbai,Accessories,Sunglasses,4,827.0,0.0,3308.0,2099.9,1208.1,Wallet
ORD00748,2025-03-06,CUST0105,North,Lucknow,Electronics,Speaker,2,1210.0,0.0,2420.0,1478.37,941.63,Card
ORD00749,2025-08-31,CUST0003,Central,Indore,Beauty,Serum,2,400.0,0.2,640.0,498.87,141.13,UPI
ORD00750,2025-12-09,CUST0349,South,Bengaluru,Electronics,Earphones,1,1046.0,0.1,941.4,495.88,445.52,COD
ORD00751,2025-02-28,CUST0236,Central,Bhopal,Electronics,Smartwatch,3,1167.0,0.05,3325.95,1754.46,1571.49,Wallet
ORD00752,2025-10-16,CUST0336,Central,Nagpur,Electronics,Smartwatch,1,1059.0,0.1,953.1,735.93,217.17,Wallet
ORD00753,2025-04-22,CUST0037,South,Hyderabad,Home,Lamp,3,536.0,0.1,1447.2,1052.86,394.34,Wallet
ORD00754,2025-08-27,CUST0107,East,Kolkata,Fashion,Dress,2,833.0,0.15,1416.1,769.21,646.89,UPI
ORD00755,2025-12-25,CUST0222,East,Ranchi,Electronics,Speaker,2,1161.0,0.0,2322.0,1387.68,934.32,Card
ORD00756,2025-05-12,CUST0251,East,Ranchi,Accessories,Backpack,1,1179.0,0.1,1061.1,693.21,367.89,Wallet
ORD00757,2025-07-08,CUST0189,East,Ranchi,Electronics,Speaker,4,1524.0,0.0,6096.0,4368.93,1727.07,UPI
ORD00758,2025-03-27,CUST0332,North,Delhi,Electronics,Speaker,3,1447.0,0.15,3689.85,2567.67,1122.18,UPI
ORD00759,2025-11-07,CUST0245,East,Bhubaneswar,Electronics,Earphones,4,1184.0,0.0,4736.0,3579.82,1156.18,Card
ORD00760,2025-11-07,CUST0283,East,Kolkata,Beauty,Serum,4,507.0,0.1,1825.2,1218.9,606.3,COD
ORD00761,2025-02-28,CUST0292,Central,Indore,Fashion,T-Shirt,4,627.0,0.0,2508.0,1607.15,900.85,Card
ORD00762,2025-03-25,CUST0237,Central,Bhopal,Home,Storage Box,1,664.0,0.0,664.0,473.12,190.88,UPI
ORD00763,2025-06-09,CUST0233,North,Delhi,Beauty,Shampoo,4,657.0,0.1,2365.2,1422.97,942.23,Wallet
ORD00764,2025-02-25,CUST0310,East,Kolkata,Footwear,Loafers,2,1081.0,0.05,2053.9,1109.8,944.1,Card
ORD00765,2025-10-24,CUST0007,West,Ahmedabad,Accessories,Wallet,1,965.0,0.0,965.0,600.89,364.11,UPI
ORD00766,2025-01-14,CUST0156,West,Ahmedabad,Accessories,Sunglasses,4,699.0,0.2,2236.8,1585.3,651.5,Card
ORD00767,2025-06-09,CUST0058,East,Kolkata,Accessories,Sunglasses,2,795.0,0.05,1510.5,790.91,719.59,COD
ORD00768,2025-10-22,CUST0224,North,Delhi,Accessories,Backpack,4,1055.0,0.05,4009.0,2761.93,1247.07,UPI
ORD00769,2025-12-13,CUST0086,West,Mumbai,Fashion,Jeans,4,621.0,0.15,2111.4,1109.9,1001.5,UPI
ORD00770,2025-07-12,CUST0104,West,Pune,Accessories,Sunglasses,1,1061.0,0.15,901.85,606.19,295.66,Card
ORD00771,2025-07-23,CUST0222,North,Jaipur,Footwear,Sports Shoes,1,1240.0,0.0,1240.0,848.04,391.96,Wallet
ORD00772,2025-04-12,CUST0314,North,Jaipur,Electronics,Smartwatch,4,1258.0,0.15,4277.2,2795.03,1482.17,Wallet
ORD00773,2025-02-08,CUST0033,Central,Bhopal,Beauty,Face Wash,4,501.0,0.2,1603.2,965.32,637.88,Card
ORD00774,2025-10-31,CUST0178,West,Mumbai,Accessories,Sunglasses,4,940.0,0.2,3008.0,2298.51,709.49,Wallet
ORD00775,2025-12-20,CUST0225,North,Delhi,Accessories,Sunglasses,3,890.0,0.05,2536.5,1628.44,908.06,UPI
ORD00776,2025-11-18,CUST0337,Central,Nagpur,Footwear,Sandals,3,789.0,0.2,1893.6,1404.86,488.74,Wallet
ORD00777,2025-05-05,CUST0083,West,Pune,Beauty,Lipstick,3,391.0,0.15,997.05,725.79,271.26,UPI
ORD00778,2025-02-22,CUST0252,West,Mumbai,Home,Bedsheet,2,621.0,0.05,1179.9,661.5,518.4,COD
ORD00779,2025-12-23,CUST0010,East,Kolkata,Electronics,Speaker,2,1381.0,0.2,2209.6,1176.02,1033.58,Card
ORD00780,2025-06-04,CUST0059,South,Hyderabad,Home,Storage Box,1,723.0,0.0,723.0,439.45,283.55,UPI
ORD00781,2025-12-17,CUST0286,West,Pune,Fashion,Kurta,3,722.0,0.1,1949.4,1403.64,545.76,Card
ORD00782,2025-11-04,CUST0313,North,Jaipur,Beauty,Face Wash,4,342.0,0.0,1368.0,1058.03,309.97,COD
ORD00783,2025-03-03,CUST0186,Central,Bhopal,Footwear,Sneakers,2,1175.0,0.0,2350.0,1754.1,595.9,UPI
ORD00784,2025-10-17,CUST0187,West,Ahmedabad,Accessories,Watch,4,888.0,0.0,3552.0,1989.54,1562.46,Card
ORD00785,2025-01-22,CUST0243,South,Bengaluru,Beauty,Face Wash,4,495.0,0.0,1980.0,1155.89,824.11,Card
ORD00786,2025-06-27,CUST0341,North,Jaipur,Home,Lamp,3,776.0,0.15,1978.8,1214.52,764.28,UPI
ORD00787,2025-09-30,CUST0235,South,Hyderabad,Beauty,Shampoo,4,518.0,0.15,1761.2,1336.2,425.0,Card
ORD00788,2025-08-08,CUST0206,South,Hyderabad,Fashion,Dress,1,758.0,0.0,758.0,460.83,297.17,UPI
ORD00789,2025-12-05,CUST0324,West,Mumbai,Electronics,Earphones,2,1382.0,0.2,2211.2,1183.06,1028.14,Card
ORD00790,2025-07-09,CUST0144,Central,Indore,Electronics,Speaker,3,981.0,0.1,2648.7,1382.77,1265.93,UPI
ORD00791,2025-02-05,CUST0317,West,Ahmedabad,Accessories,Sunglasses,2,862.0,0.2,1379.2,941.07,438.13,Wallet
ORD00792,2025-09-17,CUST0172,West,Mumbai,Accessories,Watch,3,830.0,0.0,2490.0,1318.73,1171.27,Wallet
ORD00793,2025-11-28,CUST0283,Central,Nagpur,Accessories,Backpack,3,839.0,0.05,2391.15,1301.1,1090.05,Card
ORD00794,2025-06-24,CUST0124,South,Hyderabad,Footwear,Loafers,1,847.0,0.2,677.6,456.74,220.86,Card
ORD00795,2025-01-07,CUST0260,Central,Bhopal,Accessories,Sunglasses,1,644.0,0.1,579.6,340.54,239.06,Card
ORD00796,2025-08-04,CUST0233,North,Jaipur,Fashion,T-Shirt,3,833.0,0.2,1999.2,1422.6,576.6,Card
ORD00797,2025-09-08,CUST0194,East,Bhubaneswar,Beauty,Serum,3,447.0,0.2,1072.8,745.42,327.38,UPI
ORD00798,2025-02-24,CUST0076,Central,Nagpur,Fashion,Jeans,2,786.0,0.1,1414.8,902.81,511.99,Wallet
ORD00799,2025-08-10,CUST0229,North,Delhi,Electronics,Earphones,4,1407.0,0.05,5346.6,3442.28,1904.32,COD
ORD00800,2025-07-05,CUST0326,Central,Nagpur,Home,Cushion,4,653.0,0.1,2350.8,1579.55,771.25,Wallet
ORD00801,2025-11-22,CUST0235,West,Mumbai,Electronics,Speaker,2,1636.0,0.2,2617.6,1447.67,1169.93,UPI
ORD00802,2025-08-24,CUST0287,South,Bengaluru,Accessories,Wallet,4,726.0,0.0,2904.0,2073.71,830.29,Card
ORD00803,2025-12-29,CUST0268,North,Delhi,Fashion,Dress,3,712.0,0.2,1708.8,1017.24,691.56,UPI
ORD00804,2025-03-20,CUST0074,East,Bhubaneswar,Fashion,Jeans,3,642.0,0.1,1733.4,1120.37,613.03,UPI
ORD00805,2025-08-11,CUST0251,North,Jaipur,Footwear,Sports Shoes,3,1014.0,0.05,2889.9,1640.31,1249.59,COD
ORD00806,2025-04-01,CUST0290,North,Delhi,Fashion,Jeans,4,661.0,0.15,2247.4,1503.5,743.9,Wallet
ORD00807,2025-09-25,CUST0236,West,Ahmedabad,Home,Cushion,2,676.0,0.05,1284.4,836.45,447.95,Wallet
ORD00808,2025-11-30,CUST0341,South,Chennai,Accessories,Sunglasses,3,731.0,0.0,2193.0,1596.4,596.6,Wallet
ORD00809,2025-05-19,CUST0331,West,Pune,Electronics,Power Bank,1,1716.0,0.15,1458.6,1037.56,421.04,COD
ORD00810,2025-11-12,CUST0330,Central,Nagpur,Beauty,Face Wash,3,378.0,0.2,907.2,623.92,283.28,COD
ORD00811,2025-10-03,CUST0010,Central,Nagpur,Beauty,Face Wash,2,435.0,0.15,739.5,481.18,258.32,COD
ORD00812,2025-09-05,CUST0297,North,Jaipur,Accessories,Backpack,2,737.0,0.05,1400.3,1030.23,370.07,Wallet
ORD00813,2025-08-27,CUST0012,West,Ahmedabad,Fashion,Jeans,1,882.0,0.15,749.7,557.86,191.84,Card
ORD00814,2025-08-12,CUST0059,West,Mumbai,Electronics,Power Bank,3,1450.0,0.15,3697.5,2169.94,1527.56,COD
ORD00815,2025-10-31,CUST0079,East,Kolkata,Footwear,Sandals,2,1304.0,0.1,2347.2,1689.42,657.78,Card
ORD00816,2025-05-18,CUST0030,North,Lucknow,Electronics,Power Bank,3,1026.0,0.05,2924.1,1541.19,1382.91,Card
ORD00817,2025-06-15,CUST0062,East,Kolkata,Electronics,Earphones,4,1467.0,0.1,5281.2,3100.4,2180.8,COD
ORD00818,2025-05-06,CUST0259,Central,Nagpur,Beauty,Serum,2,522.0,0.15,887.4,578.8,308.6,Wallet
ORD00819,2025-02-14,CUST0248,North,Jaipur,Fashion,Jeans,4,710.0,0.2,2272.0,1421.91,850.09,COD
ORD00820,2025-05-23,CUST0334,North,Jaipur,Electronics,Power Bank,1,1669.0,0.05,1585.55,1139.02,446.53,UPI
ORD00821,2025-08-19,CUST0087,West,Mumbai,Home,Cushion,2,589.0,0.05,1119.1,690.55,428.55,UPI
ORD00822,2025-05-05,CUST0318,Central,Indore,Footwear,Sports Shoes,1,1379.0,0.0,1379.0,1008.45,370.55,Card
ORD00823,2025-08-26,CUST0349,North,Delhi,Accessories,Backpack,4,1131.0,0.1,4071.6,2750.14,1321.46,Wallet
ORD00824,2025-10-19,CUST0274,Central,Nagpur,Home,Lamp,3,608.0,0.0,1824.0,1025.03,798.97,COD
ORD00825,2025-11-09,CUST0144,West,Ahmedabad,Home,Bedsheet,1,598.0,0.05,568.1,402.51,165.59,Wallet
ORD00826,2025-12-09,CUST0340,East,Ranchi,Beauty,Lipstick,3,568.0,0.15,1448.4,855.98,592.42,Card
ORD00827,2025-07-14,CUST0069,West,Ahmedabad,Home,Lamp,3,835.0,0.0,2505.0,1897.9,607.1,COD
ORD00828,2025-06-22,CUST0251,North,Delhi,Footwear,Sports Shoes,2,996.0,0.15,1693.2,1125.14,568.06,Wallet
ORD00829,2025-01-15,CUST0181,North,Lucknow,Footwear,Sneakers,1,1017.0,0.15,864.45,600.61,263.84,Wallet
ORD00830,2025-09-11,CUST0099,West,Mumbai,Footwear,Loafers,1,1044.0,0.0,1044.0,668.47,375.53,Wallet
ORD00831,2025-06-16,CUST0315,North,Jaipur,Fashion,Kurta,3,531.0,0.05,1513.35,822.34,691.01,Card
ORD00832,2025-04-04,CUST0311,South,Bengaluru,Accessories,Backpack,3,668.0,0.0,2004.0,1188.37,815.63,UPI
ORD00833,2025-09-07,CUST0088,West,Mumbai,Fashion,Kurta,3,573.0,0.2,1375.2,894.0,481.2,UPI
ORD00834,2025-04-19,CUST0292,North,Lucknow,Accessories,Backpack,2,689.0,0.0,1378.0,762.22,615.78,UPI
ORD00835,2025-07-01,CUST0349,South,Chennai,Footwear,Loafers,1,1093.0,0.2,874.4,594.38,280.02,Wallet
ORD00836,2025-05-13,CUST0349,North,Jaipur,Fashion,Dress,4,730.0,0.15,2482.0,1467.48,1014.52,Wallet
ORD00837,2025-06-24,CUST0216,Central,Bhopal,Electronics,Smartwatch,2,1791.0,0.0,3582.0,2121.48,1460.52,Wallet
ORD00838,2025-05-24,CUST0013,West,Mumbai,Home,Bedsheet,3,533.0,0.0,1599.0,1197.37,401.63,UPI
ORD00839,2025-11-02,CUST0033,North,Delhi,Accessories,Sunglasses,2,942.0,0.05,1789.8,1083.9,705.9,COD
ORD00840,2025-12-26,CUST0243,West,Mumbai,Fashion,Dress,3,673.0,0.1,1817.1,1061.66,755.44,UPI
ORD00841,2025-05-22,CUST0318,East,Ranchi,Home,Bedsheet,2,644.0,0.0,1288.0,929.54,358.46,Wallet
ORD00842,2025-10-12,CUST0194,Central,Bhopal,Fashion,Dress,1,785.0,0.0,785.0,595.3,189.7,Card
ORD00843,2025-01-06,CUST0321,South,Hyderabad,Accessories,Wallet,4,638.0,0.0,2552.0,1527.07,1024.93,Wallet
ORD00844,2025-09-22,CUST0206,North,Lucknow,Fashion,T-Shirt,1,748.0,0.1,673.2,498.83,174.37,COD
ORD00845,2025-04-08,CUST0220,South,Chennai,Footwear,Sports Shoes,1,1133.0,0.15,963.05,596.92,366.13,COD
ORD00846,2025-02-13,CUST0053,West,Ahmedabad,Home,Bedsheet,3,708.0,0.2,1699.2,968.62,730.58,COD
ORD00847,2025-05-04,CUST0216,Central,Bhopal,Footwear,Sneakers,2,1157.0,0.2,1851.2,1085.98,765.22,Wallet
ORD00848,2025-07-28,CUST0160,South,Hyderabad,Accessories,Sunglasses,2,1154.0,0.0,2308.0,1236.46,1071.54,Wallet
ORD00849,2025-09-08,CUST0309,East,Ranchi,Footwear,Loafers,2,974.0,0.05,1850.6,1188.23,662.37,Card
ORD00850,2025-10-12,CUST0287,North,Lucknow,Home,Storage Box,2,588.0,0.0,1176.0,684.1,491.9,COD
ORD00851,2025-05-04,CUST0342,South,Hyderabad,Electronics,Smartwatch,2,1243.0,0.0,2486.0,1513.49,972.51,Wallet
ORD00852,2025-12-20,CUST0172,Central,Nagpur,Accessories,Sunglasses,3,720.0,0.2,1728.0,1152.9,575.1,Card
ORD00853,2025-09-01,CUST0002,South,Hyderabad,Electronics,Smartwatch,4,1239.0,0.0,4956.0,3216.16,1739.84,UPI
ORD00854,2025-11-27,CUST0170,West,Ahmedabad,Accessories,Backpack,2,971.0,0.05,1844.9,1189.95,654.95,Wallet
ORD00855,2025-12-31,CUST0016,South,Hyderabad,Beauty,Shampoo,3,565.0,0.0,1695.0,913.89,781.11,COD
ORD00856,2025-09-09,CUST0102,West,Mumbai,Beauty,Lipstick,3,404.0,0.0,1212.0,937.58,274.42,UPI
ORD00857,2025-08-18,CUST0126,South,Bengaluru,Home,Lamp,2,553.0,0.1,995.4,736.95,258.45,UPI
ORD00858,2025-01-09,CUST0071,South,Bengaluru,Beauty,Face Wash,1,488.0,0.0,488.0,359.25,128.75,Wallet
ORD00859,2025-02-17,CUST0191,East,Kolkata,Accessories,Wallet,3,720.0,0.15,1836.0,1069.36,766.64,UPI
ORD00860,2025-05-31,CUST0099,North,Delhi,Footwear,Sports Shoes,2,1225.0,0.05,2327.5,1691.33,636.17,Wallet
ORD00861,2025-04-24,CUST0316,East,Ranchi,Accessories,Watch,4,829.0,0.05,3150.2,2392.46,757.74,UPI
ORD00862,2025-07-27,CUST0144,South,Bengaluru,Footwear,Loafers,2,800.0,0.0,1600.0,1093.86,506.14,UPI
ORD00863,2025-12-21,CUST0315,South,Chennai,Footwear,Sports Shoes,1,1406.0,0.15,1195.1,867.24,327.86,COD
ORD00864,2025-05-05,CUST0165,Central,Indore,Beauty,Shampoo,4,595.0,0.2,1904.0,1219.91,684.09,Card
ORD00865,2025-06-06,CUST0299,West,Pune,Footwear,Sports Shoes,3,979.0,0.2,2349.6,1466.73,882.87,COD
ORD00866,2025-12-06,CUST0218,South,Bengaluru,Beauty,Serum,2,419.0,0.15,712.3,410.88,301.42,Wallet
ORD00867,2025-10-25,CUST0152,East,Bhubaneswar,Footwear,Sandals,1,1157.0,0.05,1099.15,786.36,312.79,Wallet
ORD00868,2025-07-08,CUST0173,South,Chennai,Footwear,Loafers,1,1166.0,0.15,991.1,647.37,343.73,Wallet
ORD00869,2025-08-31,CUST0196,West,Pune,Electronics,Speaker,3,1566.0,0.15,3993.3,2405.66,1587.64,COD
ORD00870,2025-10-11,CUST0151,South,Bengaluru,Beauty,Shampoo,1,613.0,0.1,551.7,416.19,135.51,COD
ORD00871,2025-09-29,CUST0103,North,Delhi,Home,Lamp,1,629.0,0.1,566.1,300.01,266.09,Card
ORD00872,2025-06-26,CUST0071,East,Bhubaneswar,Beauty,Lipstick,3,385.0,0.05,1097.25,771.88,325.37,Card
ORD00873,2025-08-06,CUST0336,East,Bhubaneswar,Fashion,Jeans,4,526.0,0.15,1788.4,1312.12,476.28,COD
ORD00874,2025-10-09,CUST0265,West,Mumbai,Electronics,Power Bank,2,1216.0,0.05,2310.4,1486.4,824.0,Wallet
ORD00875,2025-06-19,CUST0214,East,Kolkata,Accessories,Sunglasses,3,795.0,0.05,2265.75,1430.79,834.96,UPI
ORD00876,2025-06-30,CUST0066,Central,Bhopal,Electronics,Speaker,3,1852.0,0.05,5278.2,3537.2,1741.0,Card
ORD00877,2025-12-26,CUST0218,West,Ahmedabad,Accessories,Wallet,3,725.0,0.1,1957.5,1132.66,824.84,Wallet
ORD00878,2025-08-21,CUST0072,East,Ranchi,Accessories,Watch,1,832.0,0.2,665.6,482.02,183.58,UPI
ORD00879,2025-05-19,CUST0097,West,Mumbai,Home,Cushion,4,648.0,0.0,2592.0,1708.04,883.96,Wallet
ORD00880,2025-06-06,CUST0346,Central,Indore,Fashion,Jeans,3,850.0,0.0,2550.0,1439.65,1110.35,UPI
ORD00881,2025-05-09,CUST0198,North,Delhi,Fashion,Dress,2,1018.0,0.0,2036.0,1541.15,494.85,Card
ORD00882,2025-04-29,CUST0266,East,Ranchi,Beauty,Serum,1,407.0,0.15,345.95,185.06,160.89,COD
ORD00883,2025-03-03,CUST0215,West,Pune,Beauty,Lipstick,2,410.0,0.0,820.0,453.93,366.07,Wallet
ORD00884,2025-04-09,CUST0341,West,Mumbai,Accessories,Wallet,2,950.0,0.05,1805.0,1083.97,721.03,Wallet
ORD00885,2025-06-11,CUST0074,Central,Bhopal,Beauty,Lipstick,4,505.0,0.1,1818.0,1040.7,777.3,Wallet
ORD00886,2025-03-03,CUST0236,Central,Bhopal,Fashion,Dress,3,933.0,0.2,2239.2,1676.27,562.93,Wallet
ORD00887,2025-10-02,CUST0153,North,Jaipur,Footwear,Sneakers,4,1216.0,0.1,4377.6,3073.44,1304.16,Wallet
ORD00888,2025-12-20,CUST0235,West,Mumbai,Footwear,Sandals,2,1029.0,0.2,1646.4,1170.0,476.4,Wallet
ORD00889,2025-04-05,CUST0081,Central,Bhopal,Accessories,Backpack,4,885.0,0.0,3540.0,2061.42,1478.58,Card
ORD00890,2025-04-09,CUST0284,North,Lucknow,Accessories,Watch,2,960.0,0.15,1632.0,1023.15,608.85,COD
ORD00891,2025-04-21,CUST0130,North,Lucknow,Home,Bedsheet,3,746.0,0.15,1902.3,1212.23,690.07,UPI
ORD00892,2025-09-05,CUST0205,West,Mumbai,Footwear,Sneakers,1,1200.0,0.15,1020.0,631.48,388.52,UPI
ORD00893,2025-05-22,CUST0238,North,Jaipur,Electronics,Earphones,1,1669.0,0.05,1585.55,959.33,626.22,Wallet
ORD00894,2025-10-29,CUST0143,North,Lucknow,Electronics,Earphones,2,1695.0,0.15,2881.5,1603.46,1278.04,UPI
ORD00895,2025-09-26,CUST0201,Central,Bhopal,Beauty,Face Wash,2,562.0,0.1,1011.6,558.69,452.91,UPI
ORD00896,2025-11-02,CUST0018,East,Kolkata,Fashion,T-Shirt,4,782.0,0.1,2815.2,1594.15,1221.05,UPI
ORD00897,2025-05-25,CUST0228,Central,Nagpur,Electronics,Earphones,1,1358.0,0.15,1154.3,807.42,346.88,COD
ORD00898,2025-02-21,CUST0123,North,Jaipur,Footwear,Sneakers,2,1129.0,0.05,2145.1,1324.4,820.7,UPI
ORD00899,2025-04-10,CUST0349,West,Mumbai,Fashion,T-Shirt,1,852.0,0.1,766.8,562.32,204.48,COD
ORD00900,2025-06-01,CUST0056,South,Chennai,Beauty,Face Wash,2,384.0,0.0,768.0,482.36,285.64,Card
ORD00901,2025-04-27,CUST0110,Central,Bhopal,Home,Lamp,4,693.0,0.15,2356.2,1299.23,1056.97,COD
ORD00902,2025-07-04,CUST0109,South,Hyderabad,Home,Storage Box,4,604.0,0.1,2174.4,1137.46,1036.94,Wallet
ORD00903,2025-04-02,CUST0112,East,Ranchi,Beauty,Face Wash,3,452.0,0.0,1356.0,728.86,627.14,Wallet
ORD00904,2025-06-04,CUST0308,North,Lucknow,Home,Cushion,2,800.0,0.1,1440.0,1107.86,332.14,Card
ORD00905,2025-01-08,CUST0342,South,Bengaluru,Accessories,Sunglasses,2,828.0,0.1,1490.4,1154.0,336.4,Wallet
ORD00906,2025-12-29,CUST0120,North,Lucknow,Fashion,Jeans,4,706.0,0.15,2400.4,1567.14,833.26,COD
ORD00907,2025-10-01,CUST0125,Central,Bhopal,Beauty,Face Wash,3,340.0,0.05,969.0,689.79,279.21,COD
ORD00908,2025-03-06,CUST0105,East,Bhubaneswar,Fashion,Kurta,3,794.0,0.05,2262.9,1265.94,996.96,COD
ORD00909,2025-05-21,CUST0021,East,Kolkata,Beauty,Shampoo,3,502.0,0.1,1355.4,931.62,423.78,Wallet
ORD00910,2025-01-24,CUST0277,North,Delhi,Accessories,Watch,3,1112.0,0.1,3002.4,1750.35,1252.05,COD
ORD00911,2025-01-28,CUST0227,South,Chennai,Accessories,Backpack,4,756.0,0.2,2419.2,1460.29,958.91,COD
ORD00912,2025-10-11,CUST0065,North,Delhi,Fashion,Dress,1,728.0,0.05,691.6,528.35,163.25,COD
ORD00913,2025-05-30,CUST0160,South,Chennai,Beauty,Serum,1,470.0,0.15,399.5,283.04,116.46,UPI
ORD00914,2025-12-24,CUST0147,South,Bengaluru,Accessories,Backpack,2,1027.0,0.2,1643.2,960.83,682.37,Wallet
ORD00915,2025-03-06,CUST0086,East,Bhubaneswar,Accessories,Backpack,1,786.0,0.1,707.4,441.09,266.31,Wallet
ORD00916,2025-11-23,CUST0247,Central,Nagpur,Electronics,Speaker,4,1470.0,0.05,5586.0,4095.08,1490.92,COD
ORD00917,2025-09-09,CUST0132,North,Jaipur,Electronics,Speaker,2,1553.0,0.2,2484.8,1761.55,723.25,Wallet
ORD00918,2025-02-22,CUST0037,West,Pune,Electronics,Smartwatch,4,1447.0,0.2,4630.4,3137.4,1493.0,Card
ORD00919,2025-01-07,CUST0257,South,Hyderabad,Beauty,Shampoo,2,414.0,0.0,828.0,433.32,394.68,Card
ORD00920,2025-10-21,CUST0329,West,Pune,Electronics,Speaker,3,1449.0,0.15,3694.95,2391.68,1303.27,COD
ORD00921,2025-05-26,CUST0131,North,Jaipur,Electronics,Earphones,2,1671.0,0.05,3174.9,2280.74,894.16,Card
ORD00922,2025-08-29,CUST0127,East,Ranchi,Footwear,Sports Shoes,1,897.0,0.15,762.45,580.14,182.31,UPI
ORD00923,2025-09-03,CUST0234,East,Ranchi,Electronics,Earphones,1,1434.0,0.05,1362.3,800.96,561.34,UPI
ORD00924,2025-08-14,CUST0048,Central,Nagpur,Home,Lamp,2,568.0,0.0,1136.0,625.2,510.8,Wallet
ORD00925,2025-06-24,CUST0130,Central,Bhopal,Electronics,Earphones,4,1701.0,0.05,6463.8,4755.64,1708.16,Card
ORD00926,2025-04-05,CUST0294,Central,Indore,Footwear,Sports Shoes,4,798.0,0.0,3192.0,1750.53,1441.47,Card
ORD00927,2025-01-27,CUST0087,South,Chennai,Beauty,Lipstick,4,405.0,0.1,1458.0,760.59,697.41,Wallet
ORD00928,2025-05-10,CUST0148,North,Lucknow,Fashion,T-Shirt,4,748.0,0.2,2393.6,1504.09,889.51,Wallet
ORD00929,2025-09-02,CUST0258,East,Kolkata,Beauty,Serum,2,577.0,0.05,1096.3,708.74,387.56,COD
ORD00930,2025-02-28,CUST0099,South,Hyderabad,Electronics,Power Bank,1,1383.0,0.05,1313.85,959.62,354.23,Card
ORD00931,2025-02-03,CUST0194,Central,Bhopal,Electronics,Speaker,2,1260.0,0.0,2520.0,1502.46,1017.54,COD
ORD00932,2025-07-25,CUST0052,East,Kolkata,Home,Bedsheet,2,870.0,0.15,1479.0,955.66,523.34,COD
ORD00933,2025-09-09,CUST0004,North,Lucknow,Fashion,Jeans,1,518.0,0.0,518.0,297.79,220.21,Wallet
ORD00934,2025-02-07,CUST0190,West,Pune,Footwear,Loafers,3,665.0,0.2,1596.0,1008.13,587.87,Card
ORD00935,2025-10-23,CUST0183,East,Ranchi,Home,Lamp,4,701.0,0.15,2383.4,1617.88,765.52,Card
ORD00936,2025-11-19,CUST0063,West,Ahmedabad,Fashion,T-Shirt,4,637.0,0.05,2420.6,1274.87,1145.73,Card
ORD00937,2025-12-18,CUST0097,East,Bhubaneswar,Accessories,Backpack,4,653.0,0.2,2089.6,1311.04,778.56,COD
ORD00938,2025-01-28,CUST0167,North,Lucknow,Accessories,Watch,3,902.0,0.0,2706.0,2089.29,616.71,Wallet
ORD00939,2025-03-19,CUST0244,West,Ahmedabad,Beauty,Shampoo,1,470.0,0.1,423.0,267.02,155.98,COD
ORD00940,2025-03-18,CUST0293,East,Ranchi,Accessories,Sunglasses,2,719.0,0.05,1366.1,1019.33,346.77,COD
ORD00941,2025-10-16,CUST0060,North,Jaipur,Beauty,Shampoo,4,346.0,0.05,1314.8,990.13,324.67,Wallet
ORD00942,2025-06-05,CUST0015,South,Hyderabad,Accessories,Backpack,2,926.0,0.0,1852.0,1013.83,838.17,UPI
ORD00943,2025-02-13,CUST0344,East,Kolkata,Home,Cushion,3,726.0,0.15,1851.3,1420.67,430.63,COD
ORD00944,2025-05-08,CUST0171,Central,Nagpur,Accessories,Backpack,4,786.0,0.0,3144.0,2285.19,858.81,UPI
ORD00945,2025-03-02,CUST0224,East,Bhubaneswar,Footwear,Sneakers,4,1466.0,0.2,4691.2,3617.97,1073.23,UPI
ORD00946,2025-10-13,CUST0304,North,Jaipur,Beauty,Lipstick,1,363.0,0.0,363.0,197.17,165.83,UPI
ORD00947,2025-08-02,CUST0296,Central,Indore,Accessories,Wallet,2,580.0,0.1,1044.0,801.85,242.15,COD
ORD00948,2025-11-07,CUST0164,Central,Nagpur,Home,Bedsheet,2,569.0,0.15,967.3,749.43,217.87,Card
ORD00949,2025-11-02,CUST0276,Central,Nagpur,Accessories,Backpack,2,793.0,0.0,1586.0,987.73,598.27,Wallet
ORD00950,2025-11-13,CUST0146,East,Kolkata,Home,Lamp,4,678.0,0.15,2305.2,1287.06,1018.14,UPI
ORD00951,2025-04-26,CUST0064,Central,Indore,Accessories,Wallet,3,765.0,0.2,1836.0,1427.47,408.53,Card
ORD00952,2025-09-25,CUST0171,South,Bengaluru,Accessories,Sunglasses,3,851.0,0.15,2170.05,1161.61,1008.44,UPI
ORD00953,2025-07-14,CUST0201,South,Chennai,Accessories,Backpack,1,620.0,0.05,589.0,437.49,151.51,Card
ORD00954,2025-08-19,CUST0243,North,Lucknow,Accessories,Backpack,4,1008.0,0.1,3628.8,2285.54,1343.26,Card
ORD00955,2025-08-15,CUST0100,North,Lucknow,Electronics,Speaker,3,1379.0,0.1,3723.3,2610.25,1113.05,Wallet
ORD00956,2025-06-02,CUST0084,East,Ranchi,Fashion,Kurta,1,841.0,0.1,756.9,483.63,273.27,UPI
ORD00957,2025-10-29,CUST0101,East,Kolkata,Electronics,Speaker,2,1486.0,0.05,2823.4,2058.63,764.77,COD
ORD00958,2025-08-08,CUST0050,South,Bengaluru,Home,Bedsheet,4,703.0,0.05,2671.4,2032.28,639.12,Card
ORD00959,2025-06-06,CUST0077,North,Delhi,Electronics,Power Bank,3,1544.0,0.2,3705.6,2344.88,1360.72,Wallet
ORD00960,2025-10-19,CUST0306,North,Delhi,Beauty,Face Wash,4,486.0,0.15,1652.4,989.29,663.11,UPI
ORD00961,2025-11-14,CUST0228,North,Jaipur,Accessories,Sunglasses,4,893.0,0.1,3214.8,2200.23,1014.57,Card
ORD00962,2025-01-31,CUST0261,North,Delhi,Fashion,T-Shirt,1,867.0,0.15,736.95,506.11,230.84,UPI
ORD00963,2025-11-09,CUST0248,East,Ranchi,Fashion,Dress,1,725.0,0.2,580.0,328.91,251.09,Wallet
ORD00964,2025-02-20,CUST0011,North,Jaipur,Home,Lamp,1,733.0,0.2,586.4,333.12,253.28,Wallet
ORD00965,2025-04-17,CUST0061,North,Lucknow,Footwear,Sports Shoes,1,1082.0,0.05,1027.9,792.59,235.31,UPI
ORD00966,2025-11-17,CUST0066,North,Lucknow,Footwear,Sandals,4,1385.0,0.1,4986.0,2752.23,2233.77,UPI
ORD00967,2025-04-19,CUST0064,North,Lucknow,Accessories,Backpack,3,703.0,0.0,2109.0,1143.08,965.92,Card
ORD00968,2025-05-16,CUST0266,West,Ahmedabad,Home,Lamp,1,861.0,0.05,817.95,489.26,328.69,Card
ORD00969,2025-12-05,CUST0181,South,Chennai,Accessories,Sunglasses,4,794.0,0.1,2858.4,1874.81,983.59,UPI
ORD00970,2025-02-11,CUST0111,North,Delhi,Accessories,Wallet,1,594.0,0.05,564.3,314.22,250.08,UPI
ORD00971,2025-03-22,CUST0217,Central,Indore,Footwear,Sandals,3,1125.0,0.05,3206.25,2275.05,931.2,COD
ORD00972,2025-05-03,CUST0131,East,Bhubaneswar,Footwear,Loafers,2,965.0,0.15,1640.5,1047.59,592.91,Wallet
ORD00973,2025-03-30,CUST0331,Central,Bhopal,Accessories,Backpack,1,921.0,0.1,828.9,645.54,183.36,UPI
ORD00974,2025-10-10,CUST0162,Central,Nagpur,Accessories,Watch,2,706.0,0.15,1200.2,880.48,319.72,Wallet
ORD00975,2025-02-08,CUST0057,Central,Bhopal,Electronics,Earphones,1,1288.0,0.1,1159.2,640.34,518.86,Wallet
ORD00976,2025-03-22,CUST0116,North,Jaipur,Fashion,Jeans,3,462.0,0.1,1247.4,696.11,551.29,Card
ORD00977,2025-01-02,CUST0064,West,Mumbai,Fashion,T-Shirt,4,643.0,0.0,2572.0,1860.87,711.13,UPI
ORD00978,2025-07-29,CUST0293,Central,Indore,Footwear,Loafers,1,620.0,0.2,496.0,302.91,193.09,Card
ORD00979,2025-08-19,CUST0200,Central,Bhopal,Footwear,Loafers,1,786.0,0.05,746.7,450.02,296.68,UPI
ORD00980,2025-12-19,CUST0263,West,Ahmedabad,Home,Cushion,2,739.0,0.1,1330.2,694.99,635.21,UPI
ORD00981,2025-11-01,CUST0328,South,Bengaluru,Accessories,Backpack,3,913.0,0.0,2739.0,2078.34,660.66,Card
ORD00982,2025-08-29,CUST0182,Central,Indore,Accessories,Backpack,4,861.0,0.05,3271.8,2074.75,1197.05,Wallet
ORD00983,2025-05-30,CUST0045,East,Bhubaneswar,Footwear,Loafers,2,909.0,0.1,1636.2,1121.23,514.97,Card
ORD00984,2025-01-17,CUST0048,North,Lucknow,Electronics,Smartwatch,1,1388.0,0.0,1388.0,985.19,402.81,UPI
ORD00985,2025-04-29,CUST0006,North,Lucknow,Footwear,Sneakers,3,1099.0,0.2,2637.6,2009.04,628.56,Wallet
ORD00986,2025-05-28,CUST0098,West,Pune,Accessories,Backpack,1,633.0,0.15,538.05,281.73,256.32,COD
ORD00987,2025-12-28,CUST0339,Central,Nagpur,Accessories,Sunglasses,3,1016.0,0.05,2895.6,2254.22,641.38,COD
ORD00988,2025-05-25,CUST0069,South,Chennai,Footwear,Sports Shoes,2,1274.0,0.05,2420.6,1305.99,1114.61,Card
ORD00989,2025-12-26,CUST0174,West,Pune,Fashion,Dress,2,672.0,0.1,1209.6,933.97,275.63,UPI
ORD00990,2025-08-21,CUST0002,East,Bhubaneswar,Footwear,Sneakers,4,1105.0,0.1,3978.0,2342.39,1635.61,Wallet
ORD00991,2025-02-06,CUST0030,Central,Bhopal,Beauty,Lipstick,4,467.0,0.2,1494.4,1106.71,387.69,Card
ORD00992,2025-12-18,CUST0096,East,Bhubaneswar,Fashion,Dress,3,443.0,0.0,1329.0,692.86,636.14,Wallet
ORD00993,2025-04-30,CUST0264,North,Jaipur,Home,Bedsheet,4,621.0,0.05,2359.8,1279.09,1080.71,UPI
ORD00994,2025-05-16,CUST0203,West,Mumbai,Electronics,Earphones,2,1228.0,0.1,2210.4,1279.35,931.05,Card
ORD00995,2025-11-17,CUST0337,West,Mumbai,Home,Storage Box,3,533.0,0.0,1599.0,1242.8,356.2,Wallet
ORD00996,2025-10-29,CUST0102,East,Ranchi,Beauty,Serum,4,427.0,0.0,1708.0,1047.69,660.31,COD
ORD00997,2025-12-05,CUST0017,North,Delhi,Beauty,Lipstick,4,596.0,0.15,2026.4,1445.67,580.73,UPI
ORD00998,2025-04-12,CUST0282,West,Ahmedabad,Accessories,Backpack,3,892.0,0.0,2676.0,1684.5,991.5,Wallet
ORD00999,2025-08-06,CUST0056,East,Bhubaneswar,Accessories,Backpack,4,718.0,0.05,2728.4,1496.61,1231.79,COD
ORD01000,2025-02-28,CUST0176,East,Ranchi,Beauty,Serum,1,496.0,0.05,471.2,251.4,219.8,Wallet
ORD01001,2025-10-06,CUST0220,West,Pune,Footwear,Sneakers,3,1377.0,0.1,3717.9,2403.03,1314.87,UPI
ORD01002,2025-04-26,CUST0135,Central,Bhopal,Footwear,Sandals,2,1283.0,0.1,2309.4,1661.26,648.14,UPI
ORD01003,2025-11-28,CUST0097,South,Bengaluru,Accessories,Sunglasses,1,809.0,0.2,647.2,439.38,207.82,UPI
ORD01004,2025-03-18,CUST0075,South,Bengaluru,Beauty,Face Wash,1,398.0,0.1,358.2,278.5,79.7,Wallet
ORD01005,2025-05-17,CUST0325,North,Delhi,Fashion,Kurta,4,788.0,0.15,2679.2,1758.87,920.33,UPI
ORD01006,2025-03-14,CUST0027,West,Pune,Beauty,Lipstick,1,482.0,0.2,385.6,243.33,142.27,Card
ORD01007,2025-02-06,CUST0025,East,Bhubaneswar,Fashion,Jeans,3,813.0,0.15,2073.15,1211.16,861.99,UPI
ORD01008,2025-01-31,CUST0144,North,Lucknow,Fashion,T-Shirt,3,780.0,0.05,2223.0,1320.87,902.13,COD
ORD01009,2025-03-26,CUST0050,East,Bhubaneswar,Electronics,Power Bank,3,1664.0,0.1,4492.8,2691.78,1801.02,COD
ORD01010,2025-06-07,CUST0191,East,Bhubaneswar,Accessories,Backpack,3,723.0,0.2,1735.2,1140.9,594.3,UPI
ORD01011,2025-11-01,CUST0067,South,Chennai,Accessories,Watch,4,990.0,0.0,3960.0,2972.65,987.35,COD
ORD01012,2025-10-19,CUST0280,South,Chennai,Fashion,Kurta,4,725.0,0.0,2900.0,1564.46,1335.54,Card
ORD01013,2025-05-28,CUST0215,South,Chennai,Home,Cushion,2,893.0,0.0,1786.0,988.08,797.92,Card
ORD01014,2025-08-13,CUST0215,East,Bhubaneswar,Footwear,Loafers,1,964.0,0.15,819.4,440.51,378.89,COD
ORD01015,2025-03-05,CUST0098,South,Bengaluru,Beauty,Lipstick,1,591.0,0.2,472.8,253.33,219.47,Wallet
ORD01016,2025-08-28,CUST0206,South,Bengaluru,Electronics,Earphones,4,1450.0,0.2,4640.0,3353.03,1286.97,Card
ORD01017,2025-12-19,CUST0263,North,Delhi,Beauty,Serum,2,397.0,0.2,635.2,445.37,189.83,Wallet
ORD01018,2025-06-05,CUST0088,East,Kolkata,Footwear,Loafers,3,1004.0,0.1,2710.8,1798.78,912.02,UPI
ORD01019,2025-12-25,CUST0139,East,Kolkata,Fashion,Kurta,2,660.0,0.1,1188.0,904.17,283.83,COD
ORD01020,2025-07-26,CUST0324,South,Chennai,Accessories,Backpack,1,861.0,0.0,861.0,592.93,268.07,Card
ORD01021,2025-05-20,CUST0151,Central,Indore,Home,Bedsheet,2,711.0,0.15,1208.7,910.84,297.86,Card
ORD01022,2025-09-14,CUST0009,East,Kolkata,Fashion,T-Shirt,3,628.0,0.05,1789.8,1049.82,739.98,COD
ORD01023,2025-10-04,CUST0138,East,Ranchi,Accessories,Sunglasses,2,796.0,0.15,1353.2,781.29,571.91,UPI
ORD01024,2025-09-10,CUST0246,South,Bengaluru,Footwear,Sports Shoes,2,1524.0,0.15,2590.8,1595.53,995.27,COD
ORD01025,2025-08-13,CUST0093,West,Mumbai,Electronics,Power Bank,2,1835.0,0.05,3486.5,2329.37,1157.13,Card
ORD01026,2025-02-11,CUST0074,South,Hyderabad,Fashion,Jeans,4,755.0,0.2,2416.0,1374.32,1041.68,COD
ORD01027,2025-11-03,CUST0071,West,Ahmedabad,Electronics,Power Bank,4,1410.0,0.0,5640.0,3994.92,1645.08,COD
ORD01028,2025-01-21,CUST0330,West,Pune,Footwear,Sneakers,1,1124.0,0.0,1124.0,826.03,297.97,COD
ORD01029,2025-08-10,CUST0005,North,Jaipur,Beauty,Serum,2,500.0,0.2,800.0,418.81,381.19,COD
ORD01030,2025-06-15,CUST0228,North,Delhi,Footwear,Loafers,2,897.0,0.15,1524.9,1094.14,430.76,UPI
ORD01031,2025-11-06,CUST0137,West,Mumbai,Home,Storage Box,2,620.0,0.0,1240.0,820.03,419.97,COD
ORD01032,2025-05-09,CUST0213,North,Lucknow,Fashion,T-Shirt,3,490.0,0.0,1470.0,959.91,510.09,UPI
ORD01033,2025-01-14,CUST0336,North,Delhi,Fashion,Kurta,4,750.0,0.15,2550.0,1423.71,1126.29,Card
ORD01034,2025-02-16,CUST0145,North,Jaipur,Beauty,Shampoo,2,502.0,0.0,1004.0,580.69,423.31,Card
ORD01035,2025-04-28,CUST0092,North,Jaipur,Fashion,Jeans,1,639.0,0.0,639.0,432.71,206.29,Wallet
ORD01036,2025-12-12,CUST0155,Central,Bhopal,Footwear,Loafers,4,1412.0,0.05,5365.6,4036.06,1329.54,Card
ORD01037,2025-10-22,CUST0040,East,Bhubaneswar,Home,Bedsheet,3,507.0,0.1,1368.9,1000.37,368.53,COD
ORD01038,2025-10-28,CUST0245,East,Kolkata,Beauty,Serum,4,331.0,0.15,1125.4,796.28,329.12,COD
ORD01039,2025-01-11,CUST0094,East,Kolkata,Fashion,Dress,1,728.0,0.1,655.2,510.17,145.03,Wallet
ORD01040,2025-12-11,CUST0326,West,Pune,Home,Storage Box,4,773.0,0.15,2628.2,1777.85,850.35,Card
ORD01041,2025-05-18,CUST0273,West,Pune,Beauty,Serum,4,586.0,0.2,1875.2,1235.34,639.86,UPI
ORD01042,2025-10-23,CUST0113,Central,Nagpur,Electronics,Earphones,4,1284.0,0.2,4108.8,2753.91,1354.89,COD
ORD01043,2025-01-21,CUST0069,North,Delhi,Beauty,Lipstick,1,537.0,0.1,483.3,321.48,161.82,COD
ORD01044,2025-03-31,CUST0283,East,Kolkata,Fashion,Jeans,3,695.0,0.15,1772.25,987.99,784.26,Wallet
ORD01045,2025-08-29,CUST0074,South,Hyderabad,Beauty,Serum,2,436.0,0.0,872.0,671.56,200.44,Wallet
ORD01046,2025-09-23,CUST0038,West,Pune,Accessories,Wallet,1,927.0,0.0,927.0,641.78,285.22,Wallet
ORD01047,2025-11-30,CUST0040,North,Delhi,Footwear,Sandals,3,1229.0,0.05,3502.65,1893.32,1609.33,COD
ORD01048,2025-08-15,CUST0154,South,Hyderabad,Footwear,Sports Shoes,4,788.0,0.05,2994.4,2139.52,854.88,Wallet
ORD01049,2025-05-23,CUST0031,West,Ahmedabad,Electronics,Smartwatch,1,1772.0,0.1,1594.8,875.43,719.37,COD
ORD01050,2025-04-03,CUST0349,Central,Bhopal,Footwear,Sandals,1,1373.0,0.15,1167.05,859.53,307.52,Wallet
ORD01051,2025-10-27,CUST0081,Central,Nagpur,Footwear,Loafers,3,976.0,0.05,2781.6,1752.84,1028.76,Card
ORD01052,2025-08-12,CUST0113,South,Chennai,Fashion,Dress,2,750.0,0.15,1275.0,868.21,406.79,Wallet
ORD01053,2025-11-22,CUST0085,West,Pune,Beauty,Face Wash,3,490.0,0.15,1249.5,918.49,331.01,COD
ORD01054,2025-09-09,CUST0309,South,Bengaluru,Home,Cushion,1,680.0,0.0,680.0,367.36,312.64,Card
ORD01055,2025-02-16,CUST0006,East,Kolkata,Fashion,Kurta,1,631.0,0.0,631.0,362.89,268.11,Card
ORD01056,2025-08-29,CUST0290,North,Delhi,Beauty,Serum,3,396.0,0.0,1188.0,919.43,268.57,COD
ORD01057,2025-06-28,CUST0005,North,Delhi,Footwear,Sports Shoes,3,1095.0,0.0,3285.0,2514.05,770.95,Card
ORD01058,2025-07-29,CUST0067,Central,Bhopal,Home,Cushion,3,787.0,0.15,2006.85,1422.21,584.64,COD
ORD01059,2025-06-20,CUST0196,Central,Bhopal,Home,Cushion,2,714.0,0.0,1428.0,960.57,467.43,Wallet
ORD01060,2025-06-14,CUST0321,East,Kolkata,Footwear,Sneakers,2,1027.0,0.15,1745.9,943.62,802.28,COD
ORD01061,2025-12-10,CUST0257,South,Chennai,Accessories,Backpack,2,911.0,0.05,1730.9,1347.14,383.76,Card
ORD01062,2025-02-23,CUST0221,East,Bhubaneswar,Electronics,Power Bank,3,682.0,0.2,1636.8,1215.4,421.4,COD
ORD01063,2025-03-24,CUST0255,South,Hyderabad,Accessories,Sunglasses,1,965.0,0.05,916.75,611.83,304.92,COD
ORD01064,2025-06-18,CUST0161,East,Ranchi,Fashion,Kurta,1,481.0,0.15,408.85,222.61,186.24,UPI
ORD01065,2025-07-30,CUST0092,North,Jaipur,Home,Lamp,3,608.0,0.1,1641.6,891.72,749.88,Wallet
ORD01066,2025-12-22,CUST0250,East,Bhubaneswar,Home,Cushion,2,519.0,0.0,1038.0,802.0,236.0,COD
ORD01067,2025-09-11,CUST0320,West,Pune,Home,Storage Box,2,499.0,0.15,848.3,522.0,326.3,Card
ORD01068,2025-05-28,CUST0350,West,Ahmedabad,Home,Bedsheet,4,786.0,0.1,2829.6,2116.9,712.7,COD
ORD01069,2025-12-06,CUST0149,South,Chennai,Footwear,Sneakers,1,1007.0,0.05,956.65,709.64,247.01,Wallet
ORD01070,2025-07-25,CUST0179,North,Delhi,Beauty,Shampoo,4,478.0,0.15,1625.2,1127.85,497.35,Wallet
ORD01071,2025-10-09,CUST0204,North,Delhi,Electronics,Speaker,2,1388.0,0.0,2776.0,2105.71,670.29,Wallet
ORD01072,2025-01-19,CUST0249,East,Kolkata,Beauty,Shampoo,3,489.0,0.1,1320.3,1028.61,291.69,UPI
ORD01073,2025-08-21,CUST0241,North,Jaipur,Accessories,Sunglasses,4,811.0,0.0,3244.0,2146.62,1097.38,UPI
ORD01074,2025-02-15,CUST0032,East,Ranchi,Accessories,Backpack,1,615.0,0.2,492.0,354.88,137.12,Card
ORD01075,2025-06-11,CUST0217,South,Hyderabad,Electronics,Speaker,2,1651.0,0.0,3302.0,2534.9,767.1,Card
ORD01076,2025-05-10,CUST0153,North,Delhi,Home,Lamp,1,592.0,0.1,532.8,333.17,199.63,Wallet
ORD01077,2025-06-15,CUST0220,East,Kolkata,Electronics,Power Bank,1,1008.0,0.0,1008.0,758.71,249.29,Card
ORD01078,2025-03-01,CUST0083,South,Bengaluru,Home,Lamp,4,600.0,0.15,2040.0,1313.0,727.0,Wallet
ORD01079,2025-07-26,CUST0297,North,Lucknow,Home,Cushion,2,826.0,0.0,1652.0,1169.46,482.54,UPI
ORD01080,2025-09-21,CUST0163,North,Delhi,Home,Storage Box,4,749.0,0.05,2846.2,1849.62,996.58,COD
ORD01081,2025-01-01,CUST0065,East,Ranchi,Accessories,Sunglasses,1,750.0,0.15,637.5,487.86,149.64,Wallet
ORD01082,2025-12-03,CUST0086,North,Delhi,Accessories,Wallet,2,750.0,0.15,1275.0,893.87,381.13,Wallet
ORD01083,2025-10-05,CUST0009,South,Hyderabad,Beauty,Lipstick,1,424.0,0.1,381.6,279.17,102.43,Card
ORD01084,2025-08-25,CUST0181,West,Ahmedabad,Home,Bedsheet,4,893.0,0.15,3036.2,1902.79,1133.41,Wallet
ORD01085,2025-07-31,CUST0284,North,Delhi,Footwear,Loafers,4,1176.0,0.15,3998.4,2467.06,1531.34,UPI
ORD01086,2025-01-28,CUST0051,West,Pune,Footwear,Sports Shoes,4,1185.0,0.1,4266.0,2997.05,1268.95,COD
ORD01087,2025-04-07,CUST0320,North,Lucknow,Fashion,T-Shirt,4,830.0,0.0,3320.0,2154.9,1165.1,COD
ORD01088,2025-09-23,CUST0109,Central,Nagpur,Accessories,Sunglasses,1,834.0,0.1,750.6,556.53,194.07,UPI
ORD01089,2025-07-05,CUST0238,North,Delhi,Electronics,Speaker,4,1335.0,0.0,5340.0,3263.59,2076.41,Wallet
ORD01090,2025-11-15,CUST0338,North,Jaipur,Accessories,Sunglasses,2,772.0,0.2,1235.2,733.38,501.82,Card
ORD01091,2025-09-13,CUST0079,South,Hyderabad,Home,Cushion,4,642.0,0.0,2568.0,1345.73,1222.27,Card
ORD01092,2025-11-17,CUST0201,East,Kolkata,Footwear,Loafers,4,1093.0,0.05,4153.4,2759.9,1393.5,UPI
ORD01093,2025-08-15,CUST0200,North,Lucknow,Footwear,Sports Shoes,4,1244.0,0.05,4727.2,3612.72,1114.48,UPI
ORD01094,2025-01-27,CUST0065,Central,Bhopal,Electronics,Smartwatch,4,1413.0,0.05,5369.4,2931.1,2438.3,COD
ORD01095,2025-04-15,CUST0048,East,Ranchi,Accessories,Sunglasses,2,906.0,0.1,1630.8,934.41,696.39,COD
ORD01096,2025-05-17,CUST0041,Central,Bhopal,Electronics,Earphones,1,1380.0,0.2,1104.0,777.18,326.82,Wallet
ORD01097,2025-10-09,CUST0114,West,Ahmedabad,Fashion,Kurta,3,710.0,0.05,2023.5,1178.34,845.16,Card
ORD01098,2025-03-09,CUST0074,West,Pune,Beauty,Serum,1,288.0,0.1,259.2,140.38,118.82,COD
ORD01099,2025-05-28,CUST0135,North,Jaipur,Accessories,Wallet,1,932.0,0.0,932.0,519.01,412.99,UPI
ORD01100,2025-08-13,CUST0012,West,Pune,Fashion,T-Shirt,2,744.0,0.15,1264.8,690.8,574.0,Wallet
ORD01101,2025-12-24,CUST0325,North,Delhi,Fashion,Dress,4,826.0,0.15,2808.4,2110.02,698.38,Wallet
ORD01102,2025-09-06,CUST0017,East,Kolkata,Beauty,Serum,2,215.0,0.2,344.0,235.34,108.66,COD
ORD01103,2025-03-04,CUST0131,West,Ahmedabad,Home,Storage Box,1,894.0,0.05,849.3,556.85,292.45,COD
ORD01104,2025-01-15,CUST0059,Central,Bhopal,Beauty,Face Wash,2,439.0,0.05,834.1,621.73,212.37,UPI
ORD01105,2025-11-19,CUST0247,South,Hyderabad,Fashion,Jeans,1,840.0,0.05,798.0,470.48,327.52,UPI
ORD01106,2025-11-08,CUST0254,Central,Nagpur,Fashion,Jeans,3,569.0,0.15,1450.95,1035.62,415.33,Wallet
ORD01107,2025-05-03,CUST0144,South,Bengaluru,Footwear,Sports Shoes,2,1221.0,0.05,2319.9,1620.76,699.14,Wallet
ORD01108,2025-12-30,CUST0217,South,Hyderabad,Fashion,Jeans,4,567.0,0.15,1927.8,1444.97,482.83,Card
ORD01109,2025-03-23,CUST0192,Central,Indore,Home,Bedsheet,4,577.0,0.05,2192.6,1463.47,729.13,COD
ORD01110,2025-06-09,CUST0310,North,Lucknow,Electronics,Power Bank,3,1882.0,0.2,4516.8,2830.0,1686.8,Card
ORD01111,2025-10-10,CUST0184,North,Delhi,Electronics,Earphones,3,1352.0,0.15,3447.6,2501.69,945.91,UPI
ORD01112,2025-01-08,CUST0164,East,Bhubaneswar,Fashion,Kurta,2,727.0,0.1,1308.6,722.08,586.52,COD
ORD01113,2025-10-10,CUST0198,South,Bengaluru,Accessories,Watch,3,925.0,0.05,2636.25,1755.81,880.44,Card
ORD01114,2025-07-28,CUST0312,Central,Bhopal,Footwear,Sandals,1,1198.0,0.2,958.4,567.65,390.75,COD
ORD01115,2025-02-17,CUST0253,West,Pune,Footwear,Sports Shoes,3,1130.0,0.05,3220.5,1839.72,1380.78,Wallet
ORD01116,2025-04-26,CUST0168,West,Mumbai,Fashion,Jeans,1,746.0,0.15,634.1,357.95,276.15,Wallet
ORD01117,2025-02-28,CUST0207,East,Kolkata,Beauty,Face Wash,1,645.0,0.15,548.25,325.62,222.63,COD
ORD01118,2025-08-25,CUST0213,East,Ranchi,Footwear,Sneakers,1,1089.0,0.0,1089.0,699.33,389.67,Card
ORD01119,2025-03-02,CUST0253,East,Bhubaneswar,Home,Storage Box,1,674.0,0.2,539.2,388.98,150.22,COD
ORD01120,2025-11-28,CUST0053,West,Pune,Electronics,Smartwatch,1,1665.0,0.1,1498.5,1144.56,353.94,COD
ORD01121,2025-03-20,CUST0224,North,Delhi,Beauty,Face Wash,1,540.0,0.1,486.0,361.57,124.43,UPI
ORD01122,2025-09-13,CUST0027,South,Chennai,Beauty,Face Wash,3,546.0,0.2,1310.4,1018.56,291.84,Card
ORD01123,2025-05-30,CUST0314,North,Jaipur,Fashion,T-Shirt,1,780.0,0.1,702.0,425.15,276.85,Wallet
ORD01124,2025-09-18,CUST0076,South,Chennai,Home,Lamp,4,516.0,0.0,2064.0,1141.05,922.95,Wallet
ORD01125,2025-12-28,CUST0251,North,Lucknow,Accessories,Sunglasses,2,1035.0,0.2,1656.0,1066.9,589.1,Card
ORD01126,2025-05-20,CUST0181,South,Hyderabad,Home,Cushion,3,516.0,0.1,1393.2,982.15,411.05,UPI
ORD01127,2025-08-01,CUST0344,North,Delhi,Accessories,Backpack,4,844.0,0.0,3376.0,1942.02,1433.98,UPI
ORD01128,2025-09-05,CUST0303,South,Bengaluru,Electronics,Speaker,1,1210.0,0.1,1089.0,625.36,463.64,Card
ORD01129,2025-08-30,CUST0187,South,Chennai,Home,Cushion,1,642.0,0.05,609.9,351.84,258.06,Wallet
ORD01130,2025-05-05,CUST0158,West,Mumbai,Electronics,Power Bank,1,1483.0,0.1,1334.7,840.87,493.83,COD
ORD01131,2025-08-22,CUST0236,North,Lucknow,Beauty,Shampoo,1,476.0,0.05,452.2,237.09,215.11,UPI
ORD01132,2025-10-10,CUST0282,West,Ahmedabad,Home,Bedsheet,4,699.0,0.1,2516.4,1482.29,1034.11,COD
ORD01133,2025-03-16,CUST0171,South,Hyderabad,Home,Cushion,4,839.0,0.2,2684.8,1696.85,987.95,COD
ORD01134,2025-07-16,CUST0217,East,Kolkata,Electronics,Smartwatch,1,1514.0,0.15,1286.9,914.11,372.79,UPI
ORD01135,2025-04-08,CUST0266,West,Mumbai,Home,Lamp,3,621.0,0.2,1490.4,1010.4,480.0,Wallet
ORD01136,2025-11-03,CUST0019,South,Hyderabad,Fashion,T-Shirt,2,821.0,0.0,1642.0,876.53,765.47,Card
ORD01137,2025-09-18,CUST0208,Central,Bhopal,Beauty,Face Wash,3,546.0,0.05,1556.1,1166.26,389.84,Wallet
ORD01138,2025-03-11,CUST0105,South,Chennai,Electronics,Earphones,3,1091.0,0.15,2782.05,1595.46,1186.59,Card
ORD01139,2025-02-05,CUST0319,Central,Indore,Accessories,Watch,1,886.0,0.0,886.0,503.35,382.65,Wallet
ORD01140,2025-05-22,CUST0171,South,Hyderabad,Accessories,Watch,3,901.0,0.0,2703.0,1522.68,1180.32,Wallet
ORD01141,2025-08-01,CUST0136,West,Pune,Beauty,Face Wash,3,426.0,0.0,1278.0,723.54,554.46,COD
ORD01142,2025-06-24,CUST0127,Central,Indore,Beauty,Face Wash,4,561.0,0.2,1795.2,933.97,861.23,Wallet
ORD01143,2025-09-17,CUST0086,North,Lucknow,Fashion,T-Shirt,3,681.0,0.05,1940.85,1274.3,666.55,UPI
ORD01144,2025-05-17,CUST0180,East,Ranchi,Fashion,T-Shirt,3,716.0,0.15,1825.8,1182.34,643.46,Card
ORD01145,2025-01-02,CUST0155,East,Bhubaneswar,Accessories,Sunglasses,4,775.0,0.0,3100.0,2279.17,820.83,Card
ORD01146,2025-05-25,CUST0113,North,Jaipur,Footwear,Sports Shoes,1,1103.0,0.05,1047.85,811.5,236.35,UPI
ORD01147,2025-06-02,CUST0046,North,Delhi,Home,Cushion,4,522.0,0.1,1879.2,1077.98,801.22,UPI
ORD01148,2025-10-28,CUST0348,East,Ranchi,Electronics,Earphones,4,1037.0,0.2,3318.4,1876.51,1441.89,Card
ORD01149,2025-10-24,CUST0297,Central,Indore,Home,Cushion,3,837.0,0.1,2259.9,1287.12,972.78,Card
ORD01150,2025-12-04,CUST0005,West,Pune,Footwear,Sneakers,3,932.0,0.1,2516.4,1380.62,1135.78,Wallet
ORD01151,2025-09-08,CUST0320,West,Ahmedabad,Accessories,Backpack,2,657.0,0.2,1051.2,810.83,240.37,UPI
ORD01152,2025-03-18,CUST0112,East,Kolkata,Home,Cushion,3,398.0,0.0,1194.0,761.78,432.22,Card
ORD01153,2025-08-17,CUST0339,North,Jaipur,Footwear,Sneakers,3,973.0,0.0,2919.0,1844.47,1074.53,COD
ORD01154,2025-10-03,CUST0288,South,Bengaluru,Fashion,Jeans,3,533.0,0.2,1279.2,886.47,392.73,UPI
ORD01155,2025-09-05,CUST0042,South,Chennai,Fashion,Jeans,2,907.0,0.15,1541.9,1036.4,505.5,Card
ORD01156,2025-06-26,CUST0051,West,Pune,Beauty,Face Wash,2,532.0,0.15,904.4,569.65,334.75,Card
ORD01157,2025-06-20,CUST0072,South,Chennai,Home,Storage Box,4,569.0,0.1,2048.4,1493.57,554.83,UPI
ORD01158,2025-10-10,CUST0153,West,Ahmedabad,Home,Lamp,2,914.0,0.1,1645.2,985.97,659.23,Wallet
ORD01159,2025-10-06,CUST0161,West,Pune,Footwear,Sandals,1,1294.0,0.05,1229.3,807.54,421.76,Card
ORD01160,2025-07-13,CUST0287,West,Pune,Electronics,Smartwatch,4,1318.0,0.15,4481.2,2867.67,1613.53,COD
ORD01161,2025-08-22,CUST0192,South,Chennai,Electronics,Earphones,3,770.0,0.05,2194.5,1472.25,722.25,UPI
ORD01162,2025-06-14,CUST0237,North,Jaipur,Footwear,Loafers,2,1554.0,0.15,2641.8,1833.99,807.81,Wallet
ORD01163,2025-04-07,CUST0149,North,Jaipur,Fashion,T-Shirt,1,525.0,0.1,472.5,318.71,153.79,Wallet
ORD01164,2025-12-24,CUST0288,North,Delhi,Accessories,Watch,1,563.0,0.05,534.85,349.91,184.94,Wallet
ORD01165,2025-05-03,CUST0320,South,Bengaluru,Beauty,Serum,3,533.0,0.0,1599.0,1166.41,432.59,UPI
ORD01166,2025-10-20,CUST0105,North,Delhi,Fashion,T-Shirt,1,1007.0,0.2,805.6,439.2,366.4,COD
ORD01167,2025-07-16,CUST0154,Central,Indore,Electronics,Earphones,4,1749.0,0.0,6996.0,5322.36,1673.64,Wallet
ORD01168,2025-04-30,CUST0337,South,Chennai,Electronics,Power Bank,3,1542.0,0.2,3700.8,2579.99,1120.81,COD
ORD01169,2025-07-30,CUST0280,North,Delhi,Electronics,Power Bank,2,1550.0,0.05,2945.0,1662.16,1282.84,UPI
ORD01170,2025-01-23,CUST0342,East,Bhubaneswar,Electronics,Speaker,1,1615.0,0.2,1292.0,837.44,454.56,Card
ORD01171,2025-06-12,CUST0146,North,Jaipur,Electronics,Speaker,4,1591.0,0.15,5409.4,3021.28,2388.12,Wallet
ORD01172,2025-08-31,CUST0337,North,Lucknow,Fashion,Dress,3,735.0,0.0,2205.0,1516.44,688.56,Wallet
ORD01173,2025-12-28,CUST0082,South,Bengaluru,Fashion,Jeans,4,713.0,0.1,2566.8,1340.82,1225.98,Card
ORD01174,2025-07-15,CUST0336,East,Ranchi,Footwear,Sandals,4,1088.0,0.2,3481.6,1867.25,1614.35,UPI
ORD01175,2025-07-17,CUST0338,West,Ahmedabad,Home,Storage Box,2,562.0,0.1,1011.6,732.49,279.11,Card
ORD01176,2025-12-06,CUST0295,West,Pune,Electronics,Earphones,4,1329.0,0.2,4252.8,2940.1,1312.7,Card
ORD01177,2025-11-30,CUST0207,Central,Nagpur,Beauty,Lipstick,3,313.0,0.2,751.2,511.22,239.98,COD
ORD01178,2025-03-19,CUST0348,South,Hyderabad,Fashion,T-Shirt,1,688.0,0.0,688.0,447.1,240.9,Wallet
ORD01179,2025-09-11,CUST0216,South,Hyderabad,Home,Lamp,2,534.0,0.15,907.8,650.45,257.35,COD
ORD01180,2025-01-19,CUST0311,North,Delhi,Fashion,Jeans,1,561.0,0.15,476.85,342.6,134.25,COD
ORD01181,2025-03-06,CUST0327,North,Lucknow,Beauty,Lipstick,4,465.0,0.15,1581.0,876.88,704.12,UPI
ORD01182,2025-09-15,CUST0083,West,Pune,Beauty,Lipstick,3,563.0,0.05,1604.55,918.3,686.25,Wallet
ORD01183,2025-10-30,CUST0072,North,Lucknow,Footwear,Sandals,1,1282.0,0.0,1282.0,734.48,547.52,COD
ORD01184,2025-06-19,CUST0329,Central,Nagpur,Home,Cushion,1,466.0,0.1,419.4,238.29,181.11,Wallet
ORD01185,2025-02-21,CUST0287,Central,Indore,Beauty,Serum,3,370.0,0.1,999.0,680.12,318.88,UPI
ORD01186,2025-08-14,CUST0066,West,Ahmedabad,Fashion,Dress,4,819.0,0.0,3276.0,2188.3,1087.7,Card
ORD01187,2025-02-21,CUST0012,West,Mumbai,Fashion,T-Shirt,1,576.0,0.2,460.8,304.38,156.42,UPI
ORD01188,2025-09-27,CUST0081,West,Ahmedabad,Home,Storage Box,3,624.0,0.0,1872.0,1398.08,473.92,Card
ORD01189,2025-08-22,CUST0280,Central,Nagpur,Fashion,Kurta,3,769.0,0.15,1960.95,1335.11,625.84,COD
ORD01190,2025-01-08,CUST0134,East,Ranchi,Footwear,Sports Shoes,1,908.0,0.0,908.0,551.97,356.03,UPI
ORD01191,2025-03-15,CUST0038,South,Hyderabad,Home,Bedsheet,3,662.0,0.0,1986.0,1154.38,831.62,COD
ORD01192,2025-07-29,CUST0067,West,Ahmedabad,Home,Bedsheet,1,494.0,0.2,395.2,254.7,140.5,Card
ORD01193,2025-12-02,CUST0180,North,Delhi,Accessories,Wallet,4,713.0,0.2,2281.6,1320.05,961.55,Wallet
ORD01194,2025-03-21,CUST0101,South,Hyderabad,Electronics,Smartwatch,1,1481.0,0.0,1481.0,1068.01,412.99,Wallet
ORD01195,2025-02-08,CUST0065,Central,Indore,Accessories,Wallet,1,571.0,0.15,485.35,349.0,136.35,Wallet
ORD01196,2025-08-29,CUST0316,Central,Bhopal,Accessories,Sunglasses,1,863.0,0.15,733.55,403.95,329.6,Card
ORD01197,2025-05-16,CUST0302,East,Bhubaneswar,Home,Lamp,1,648.0,0.05,615.6,357.25,258.35,COD
ORD01198,2025-06-23,CUST0128,Central,Nagpur,Beauty,Shampoo,1,495.0,0.0,495.0,369.79,125.21,COD
ORD01199,2025-11-16,CUST0180,South,Bengaluru,Fashion,T-Shirt,2,728.0,0.1,1310.4,696.3,614.1,UPI
ORD01200,2025-12-21,CUST0040,Central,Indore,Home,Lamp,4,810.0,0.0,3240.0,2237.91,1002.09,Card
